D14-D14, -5.096650000000, 18.949675000000, 5.030087500000, D14, -26.097512500000, -31.947375000000, 17.698987500000, 26.097512500000, 31.947375000000, -17.698987500000, 1.000000000000, 0.000000000000, 0.000000000000, -0.000000000000, 1.000000000000, -0.000000000000, 0.000000000000, 0.000000000000, 1.000000000000, -26.097512500000, -31.947375000000, 17.698987500000, D14, -31.194162500000, -12.997700000000, 22.729075000000, 31.194162500000, 12.997700000000, -22.729075000000, 0.944455984365, -0.185880546763, 0.271019032418, 0.182704067172, 0.982466237916, 0.037139132929, -0.273170491518, 0.014440003154, 0.961857249738, -26.097512500000, -31.947375000000, 17.698987500000
D14-D14_j1_D14, -2.837864384422, 28.498877512563, 13.107821545226, D14, -26.097512500000, -31.947375000000, 17.698987500000, 26.097512500000, 31.947375000000, -17.698987500000, 1.000000000000, 0.000000000000, 0.000000000000, -0.000000000000, 1.000000000000, -0.000000000000, 0.000000000000, 0.000000000000, 1.000000000000, -26.097512500000, -31.947375000000, 17.698987500000, D14_j1_D14, -28.935376884422, -3.448497487437, 30.806809045226, 28.935376884422, 3.448497487437, -30.806809045226, 0.788699540685, 0.034068239743, 0.613834171063, 0.180352858156, 0.941710646433, -0.283996311508, -0.587729428460, 0.334694507627, 0.736582449890, -9.827236180905, -39.483653266332, 22.674834170854
D14-D14_j1_D18, -12.062201785714, 29.879455357143, 10.686485714286, D14, -26.097512500000, -31.947375000000, 17.698987500000, 26.097512500000, 31.947375000000, -17.698987500000, 1.000000000000, 0.000000000000, 0.000000000000, -0.000000000000, 1.000000000000, -0.000000000000, 0.000000000000, 0.000000000000, 1.000000000000, -26.097512500000, -31.947375000000, 17.698987500000, D14_j1_D18, -38.159714285714, -2.067919642857, 28.385473214286, 38.159714285714, 2.067919642857, -28.385473214286, 0.871519596346, -0.293311398162, 0.392965668847, 0.275810120786, 0.955813495127, 0.101731705011, -0.405440958040, 0.019722734103, 0.913908443611, -25.677696428571, -41.623718750000, 17.446620535714
D14-D14_j1_D54, -10.299857665746, 28.709435773481, 12.222355041436, D14, -26.097512500000, -31.947375000000, 17.698987500000, 26.097512500000, 31.947375000000, -17.698987500000, 1.000000000000, 0.000000000000, 0.000000000000, -0.000000000000, 1.000000000000, -0.000000000000, 0.000000000000, 0.000000000000, 1.000000000000, -26.097512500000, -31.947375000000, 17.698987500000, D14_j1_D54, -36.397370165746, -3.237939226519, 29.921342541436, 36.397370165746, 3.237939226519, -29.921342541436, 0.831844392164, -0.077139983517, 0.549621988432, 0.208195451630, 0.961348981484, -0.180174331470, -0.514479893820, 0.264305805353, 0.815752952867, -18.709817679558, -40.302110497238, 24.203790055249
D14-D14_j1_D76, -4.058925000000, 27.458062500000, 14.119228846154, D14, -26.097512500000, -31.947375000000, 17.698987500000, 26.097512500000, 31.947375000000, -17.698987500000, 1.000000000000, 0.000000000000, 0.000000000000, -0.000000000000, 1.000000000000, -0.000000000000, 0.000000000000, 0.000000000000, 1.000000000000, -26.097512500000, -31.947375000000, 17.698987500000, D14_j1_D76, -30.156437500000, -4.489312500000, 31.818216346154, 30.156437500000, 4.489312500000, -31.818216346154, 0.815294923932, -0.041111351756, 0.577584663723, 0.206721421670, 0.952410796068, -0.224008770712, -0.540888566004, 0.302032336497, 0.784994284614, -11.725629807692, -40.983596153846, 23.194360576923
D14-D14_j1_D79, -6.491913031915, 34.537779255319, 9.319786968085, D14, -26.097512500000, -31.947375000000, 17.698987500000, 26.097512500000, 31.947375000000, -17.698987500000, 1.000000000000, 0.000000000000, 0.000000000000, -0.000000000000, 1.000000000000, -0.000000000000, 0.000000000000, 0.000000000000, 1.000000000000, -26.097512500000, -31.947375000000, 17.698987500000, D14_j1_D79, -32.589425531915, 2.590404255319, 27.018774468085, 32.589425531915, -2.590404255319, -27.018774468085, 0.832160438700, -0.215774764867, 0.510832903315, 0.238212826326, 0.970962018926, 0.022077300025, -0.500763071358, 0.103315094005, 0.859396496220, -20.770004255319, -33.872974468085, 17.193987234043
D14-D14_j1_D81, -14.504473481308, 31.688132009346, 8.591545210280, D14, -26.097512500000, -31.947375000000, 17.698987500000, 26.097512500000, 31.947375000000, -17.698987500000, 1.000000000000, 0.000000000000, 0.000000000000, -0.000000000000, 1.000000000000, -0.000000000000, 0.000000000000, 0.000000000000, 1.000000000000, -26.097512500000, -31.947375000000, 17.698987500000, D14_j1_D81, -40.601985981308, -0.259242990654, 26.290532710280, 40.601985981308, 0.259242990654, -26.290532710280, 0.807678216656, -0.195961139643, 0.556107121056, 0.264485222130, 0.963354843479, -0.044665566386, -0.526975773271, 0.183157520445, 0.829909547535, -26.561836448598, -39.190467289720, 22.220285046729
D14-D14_j2_D14, 4.324102243590, 25.057872435897, 9.488443269231, D14, -26.097512500000, -31.947375000000, 17.698987500000, 26.097512500000, 31.947375000000, -17.698987500000, 1.000000000000, 0.000000000000, 0.000000000000, -0.000000000000, 1.000000000000, -0.000000000000, 0.000000000000, 0.000000000000, 1.000000000000, -26.097512500000, -31.947375000000, 17.698987500000, D14_j2_D14, -21.773410256410, -6.889502564103, 27.187430769231, 21.773410256410, 6.889502564103, -27.187430769231, 0.154472345749, 0.801085225695, -0.578273945091, 0.248958408290, -0.597973177847, -0.761871242086, -0.956116104530, -0.026278123002, -0.291807222170, 7.985220512821, -63.637625641026, 12.023174358974
D14-D14_j2_D54, -9.123881117021, 29.355672872340, 13.167071010638, D14, -26.097512500000, -31.947375000000, 17.698987500000, 26.097512500000, 31.947375000000, -17.698987500000, 1.000000000000, 0.000000000000, 0.000000000000, -0.000000000000, 1.000000000000, -0.000000000000, 0.000000000000, 0.000000000000, 1.000000000000, -26.097512500000, -31.947375000000, 17.698987500000, D14_j2_D54, -35.221393617021, -2.591702127660, 30.866058510638, 35.221393617021, 2.591702127660, -30.866058510638, 0.879798185946, -0.187208998342, 0.436930135086, 0.246939588400, 0.965419070735, -0.083587424549, -0.406172366967, 0.181435412204, 0.895603260105, -20.319632978723, -40.158345744681, 22.093808510638
D14-D14_j2_D71, -12.225699322660, 30.894035098522, -0.091972721675, D14, -26.097512500000, -31.947375000000, 17.698987500000, 26.097512500000, 31.947375000000, -17.698987500000, 1.000000000000, 0.000000000000, 0.000000000000, -0.000000000000, 1.000000000000, -0.000000000000, 0.000000000000, 0.000000000000, 1.000000000000, -26.097512500000, -31.947375000000, 17.698987500000, D14_j2_D71, -38.323211822660, -1.053339901478, 17.607014778325, 38.323211822660, 1.053339901478, -17.607014778325, 0.810222506284, -0.039494037913, 0.584790313942, 0.154803423651, 0.976718447712, -0.148515904618, -0.565309994903, 0.210858471179, 0.797473080922, -26.701487684729, -36.139817733990, 15.427748768473
D14-D14_j2_D79, -14.205369356540, 29.259826476793, 5.252037816456, D14, -26.097512500000, -31.947375000000, 17.698987500000, 26.097512500000, 31.947375000000, -17.698987500000, 1.000000000000, 0.000000000000, 0.000000000000, -0.000000000000, 1.000000000000, -0.000000000000, 0.000000000000, 0.000000000000, 1.000000000000, -26.097512500000, -31.947375000000, 17.698987500000, D14_j2_D79, -40.302881856540, -2.687548523207, 22.951025316456, 40.302881856540, 2.687548523207, -22.951025316456, 0.822231775187, -0.108573732047, 0.558700861448, 0.188274797779, 0.978257700782, -0.086973969571, -0.537110331678, 0.176702053103, 0.824796263349, -26.189940928270, -39.419105485232, 19.213168776371
D14-D14_j3_D54, -11.087926002674, 29.002075534759, 3.432467045455, D14, -26.097512500000, -31.947375000000, 17.698987500000, 26.097512500000, 31.947375000000, -17.698987500000, 1.000000000000, 0.000000000000, 0.000000000000, -0.000000000000, 1.000000000000, -0.000000000000, 0.000000000000, 0.000000000000, 1.000000000000, -26.097512500000, -31.947375000000, 17.698987500000, D14_j3_D54, -37.185438502674, -2.945299465241, 21.131454545455, 37.185438502674, 2.945299465241, -21.131454545455, 0.480510146303, 0.739813576657, 0.470941473108, 0.111485127300, 0.481112200650, -0.869541325514, -0.869874166584, 0.470326399619, 0.148701083151, -2.898133689840, -40.214534759358, 32.100278074866
D14-D14_j4_D79, 0.125401861702, 35.169966489362, 5.900693351064, D14, -26.097512500000, -31.947375000000, 17.698987500000, 26.097512500000, 31.947375000000, -17.698987500000, 1.000000000000, 0.000000000000, 0.000000000000, -0.000000000000, 1.000000000000, -0.000000000000, 0.000000000000, 0.000000000000, 1.000000000000, -26.097512500000, -31.947375000000, 17.698987500000, D14_j4_D79, -25.972110638298, 3.222591489362, 23.599680851064, 25.972110638298, -3.222591489362, -23.599680851064, 0.708349883294, 0.337049367590, 0.620192040133, 0.079838838780, 0.834735381734, -0.544832636966, -0.701331735101, 0.435447547115, 0.564375080113, -3.722425531915, -31.510489361702, 21.923136170213
D14-D14_j5_D79, -6.879305681818, 32.271706818182, 11.766530681818, D14, -26.097512500000, -31.947375000000, 17.698987500000, 26.097512500000, 31.947375000000, -17.698987500000, 1.000000000000, 0.000000000000, 0.000000000000, -0.000000000000, 1.000000000000, -0.000000000000, 0.000000000000, 0.000000000000, 1.000000000000, -26.097512500000, -31.947375000000, 17.698987500000, D14_j5_D79, -32.976818181818, 0.324331818182, 29.465518181818, 32.976818181818, -0.324331818182, -29.465518181818, 0.814028764124, -0.165358884002, 0.556788658882, 0.267916135400, 0.957443223004, -0.107347189609, -0.515342716617, 0.236556365812, 0.823688636697, -18.125145454545, -37.258195454545, 22.006972727273
D14_j1_D14-D14, 26.281911180905, 16.097190766332, 4.046353329146, D14_j1_D14, -9.827236180905, -39.483653266332, 22.674834170854, 9.827236180905, 39.483653266332, -22.674834170854, 1.000000000000, 0.000000000000, 0.000000000000, 0.000000000000, 1.000000000000, 0.000000000000, -0.000000000000, 0.000000000000, 1.000000000000, -9.827236180905, -39.483653266332, 22.674834170854, D14, 16.454675000000, -23.386462500000, 26.721187500000, -16.454675000000, 23.386462500000, -26.721187500000, 0.218723916355, -0.974376136292, 0.052449913630, 0.900137456585, 0.180724043316, -0.396347548776, 0.376712632742, 0.133902819959, 0.916601127612, -26.097512500000, -31.947375000000, 17.698987500000
D14_j1_D14-D14_j1_D14, -6.670949748744, 36.109326633166, 21.533246231156, D14_j1_D14, -22.264427135678, -39.557824120603, 9.273562814070, 22.264427135678, 39.557824120603, -9.273562814070, 0.268124915370, 0.849137675287, 0.455054104658, -0.923815294592, 0.360604672107, -0.128567382849, -0.273266044791, -0.385913823105, 0.881133468835, -9.827236180905, -39.483653266332, 22.674834170854, D14_j1_D14, -28.935376884422, -3.448497487437, 30.806809045226, 28.935376884422, 3.448497487437, -30.806809045226, 0.788699540685, 0.034068239743, 0.613834171063, 0.180352858156, 0.941710646433, -0.283996311508, -0.587729428460, 0.334694507627, 0.736582449890, -9.827236180905, -39.483653266332, 22.674834170854
D14_j1_D14-D14_j1_D18, -15.895287150036, 37.489904477746, 19.111910400215, D14_j1_D14, -22.264427135678, -39.557824120603, 9.273562814070, 22.264427135678, 39.557824120603, -9.273562814070, 0.268124915370, 0.849137675287, 0.455054104658, -0.923815294592, 0.360604672107, -0.128567382849, -0.273266044791, -0.385913823105, 0.881133468835, -9.827236180905, -39.483653266332, 22.674834170854, D14_j1_D18, -38.159714285714, -2.067919642857, 28.385473214286, 38.159714285714, 2.067919642857, -28.385473214286, 0.871519596346, -0.293311398162, 0.392965668847, 0.275810120786, 0.955813495127, 0.101731705011, -0.405440958040, 0.019722734103, 0.913908443611, -25.677696428571, -41.623718750000, 17.446620535714
D14_j1_D14-D14_j1_D54, -14.132943030067, 36.319884894084, 20.647779727366, D14_j1_D14, -22.264427135678, -39.557824120603, 9.273562814070, 22.264427135678, 39.557824120603, -9.273562814070, 0.268124915370, 0.849137675287, 0.455054104658, -0.923815294592, 0.360604672107, -0.128567382849, -0.273266044791, -0.385913823105, 0.881133468835, -9.827236180905, -39.483653266332, 22.674834170854, D14_j1_D54, -36.397370165746, -3.237939226519, 29.921342541436, 36.397370165746, 3.237939226519, -29.921342541436, 0.831844392164, -0.077139983517, 0.549621988432, 0.208195451630, 0.961348981484, -0.180174331470, -0.514479893820, 0.264305805353, 0.815752952867, -18.709817679558, -40.302110497238, 24.203790055249
D14_j1_D14-D14_j1_D76, -7.892010364322, 35.068511620603, 22.544653532083, D14_j1_D14, -22.264427135678, -39.557824120603, 9.273562814070, 22.264427135678, 39.557824120603, -9.273562814070, 0.268124915370, 0.849137675287, 0.455054104658, -0.923815294592, 0.360604672107, -0.128567382849, -0.273266044791, -0.385913823105, 0.881133468835, -9.827236180905, -39.483653266332, 22.674834170854, D14_j1_D76, -30.156437500000, -4.489312500000, 31.818216346154, 30.156437500000, 4.489312500000, -31.818216346154, 0.815294923932, -0.041111351756, 0.577584663723, 0.206721421670, 0.952410796068, -0.224008770712, -0.540888566004, 0.302032336497, 0.784994284614, -11.725629807692, -40.983596153846, 23.194360576923
D14_j1_D14-D14_j1_D79, -10.324998396237, 42.148228375922, 17.745211654015, D14_j1_D14, -22.264427135678, -39.557824120603, 9.273562814070, 22.264427135678, 39.557824120603, -9.273562814070, 0.268124915370, 0.849137675287, 0.455054104658, -0.923815294592, 0.360604672107, -0.128567382849, -0.273266044791, -0.385913823105, 0.881133468835, -9.827236180905, -39.483653266332, 22.674834170854, D14_j1_D79, -32.589425531915, 2.590404255319, 27.018774468085, 32.589425531915, -2.590404255319, -27.018774468085, 0.832160438700, -0.215774764867, 0.510832903315, 0.238212826326, 0.970962018926, 0.022077300025, -0.500763071358, 0.103315094005, 0.859396496220, -20.770004255319, -33.872974468085, 17.193987234043
D14_j1_D14-D14_j1_D81, -18.337558845630, 39.298581129949, 17.016969896210, D14_j1_D14, -22.264427135678, -39.557824120603, 9.273562814070, 22.264427135678, 39.557824120603, -9.273562814070, 0.268124915370, 0.849137675287, 0.455054104658, -0.923815294592, 0.360604672107, -0.128567382849, -0.273266044791, -0.385913823105, 0.881133468835, -9.827236180905, -39.483653266332, 22.674834170854, D14_j1_D81, -40.601985981308, -0.259242990654, 26.290532710280, 40.601985981308, 0.259242990654, -26.290532710280, 0.807678216656, -0.195961139643, 0.556107121056, 0.264485222130, 0.963354843479, -0.044665566386, -0.526975773271, 0.183157520445, 0.829909547535, -26.561836448598, -39.190467289720, 22.220285046729
D14_j1_D14-D14_j2_D14, 0.491016879268, 32.668321556500, 17.913867955160, D14_j1_D14, -22.264427135678, -39.557824120603, 9.273562814070, 22.264427135678, 39.557824120603, -9.273562814070, 0.268124915370, 0.849137675287, 0.455054104658, -0.923815294592, 0.360604672107, -0.128567382849, -0.273266044791, -0.385913823105, 0.881133468835, -9.827236180905, -39.483653266332, 22.674834170854, D14_j2_D14, -21.773410256410, -6.889502564103, 27.187430769231, 21.773410256410, 6.889502564103, -27.187430769231, 0.154472345749, 0.801085225695, -0.578273945091, 0.248958408290, -0.597973177847, -0.761871242086, -0.956116104530, -0.026278123002, -0.291807222170, 7.985220512821, -63.637625641026, 12.023174358974
D14_j1_D14-D14_j2_D54, -12.956966481343, 36.966121992943, 21.592495696568, D14_j1_D14, -22.264427135678, -39.557824120603, 9.273562814070, 22.264427135678, 39.557824120603, -9.273562814070, 0.268124915370, 0.849137675287, 0.455054104658, -0.923815294592, 0.360604672107, -0.128567382849, -0.273266044791, -0.385913823105, 0.881133468835, -9.827236180905, -39.483653266332, 22.674834170854, D14_j2_D54, -35.221393617021, -2.591702127660, 30.866058510638, 35.221393617021, 2.591702127660, -30.866058510638, 0.879798185946, -0.187208998342, 0.436930135086, 0.246939588400, 0.965419070735, -0.083587424549, -0.406172366967, 0.181435412204, 0.895603260105, -20.319632978723, -40.158345744681, 22.093808510638
D14_j1_D14-D14_j2_D71, -16.058784686982, 38.504484219125, 8.333451964255, D14_j1_D14, -22.264427135678, -39.557824120603, 9.273562814070, 22.264427135678, 39.557824120603, -9.273562814070, 0.268124915370, 0.849137675287, 0.455054104658, -0.923815294592, 0.360604672107, -0.128567382849, -0.273266044791, -0.385913823105, 0.881133468835, -9.827236180905, -39.483653266332, 22.674834170854, D14_j2_D71, -38.323211822660, -1.053339901478, 17.607014778325, 38.323211822660, 1.053339901478, -17.607014778325, 0.810222506284, -0.039494037913, 0.584790313942, 0.154803423651, 0.976718447712, -0.148515904618, -0.565309994903, 0.210858471179, 0.797473080922, -26.701487684729, -36.139817733990, 15.427748768473
D14_j1_D14-D14_j2_D79, -18.038454720862, 36.870275597396, 13.677462502385, D14_j1_D14, -22.264427135678, -39.557824120603, 9.273562814070, 22.264427135678, 39.557824120603, -9.273562814070, 0.268124915370, 0.849137675287, 0.455054104658, -0.923815294592, 0.360604672107, -0.128567382849, -0.273266044791, -0.385913823105, 0.881133468835, -9.827236180905, -39.483653266332, 22.674834170854, D14_j2_D79, -40.302881856540, -2.687548523207, 22.951025316456, 40.302881856540, 2.687548523207, -22.951025316456, 0.822231775187, -0.108573732047, 0.558700861448, 0.188274797779, 0.978257700782, -0.086973969571, -0.537110331678, 0.176702053103, 0.824796263349, -26.189940928270, -39.419105485232, 19.213168776371
D14_j1_D14-D14_j3_D54, -14.921011366995, 36.612524655362, 11.857891731384, D14_j1_D14, -22.264427135678, -39.557824120603, 9.273562814070, 22.264427135678, 39.557824120603, -9.273562814070, 0.268124915370, 0.849137675287, 0.455054104658, -0.923815294592, 0.360604672107, -0.128567382849, -0.273266044791, -0.385913823105, 0.881133468835, -9.827236180905, -39.483653266332, 22.674834170854, D14_j3_D54, -37.185438502674, -2.945299465241, 21.131454545455, 37.185438502674, 2.945299465241, -21.131454545455, 0.480510146303, 0.739813576657, 0.470941473108, 0.111485127300, 0.481112200650, -0.869541325514, -0.869874166584, 0.470326399619, 0.148701083151, -2.898133689840, -40.214534759358, 32.100278074866
D14_j1_D14-D14_j4_D79, -3.707683502620, 42.780415609965, 14.326118036993, D14_j1_D14, -22.264427135678, -39.557824120603, 9.273562814070, 22.264427135678, 39.557824120603, -9.273562814070, 0.268124915370, 0.849137675287, 0.455054104658, -0.923815294592, 0.360604672107, -0.128567382849, -0.273266044791, -0.385913823105, 0.881133468835, -9.827236180905, -39.483653266332, 22.674834170854, D14_j4_D79, -25.972110638298, 3.222591489362, 23.599680851064, 25.972110638298, -3.222591489362, -23.599680851064, 0.708349883294, 0.337049367590, 0.620192040133, 0.079838838780, 0.834735381734, -0.544832636966, -0.701331735101, 0.435447547115, 0.564375080113, -3.722425531915, -31.510489361702, 21.923136170213
D14_j1_D14-D14_j5_D79, -10.712391046140, 39.882155938785, 20.191955367748, D14_j1_D14, -22.264427135678, -39.557824120603, 9.273562814070, 22.264427135678, 39.557824120603, -9.273562814070, 0.268124915370, 0.849137675287, 0.455054104658, -0.923815294592, 0.360604672107, -0.128567382849, -0.273266044791, -0.385913823105, 0.881133468835, -9.827236180905, -39.483653266332, 22.674834170854, D14_j5_D79, -32.976818181818, 0.324331818182, 29.465518181818, 32.976818181818, -0.324331818182, -29.465518181818, 0.814028764124, -0.165358884002, 0.556788658882, 0.267916135400, 0.957443223004, -0.107347189609, -0.515342716617, 0.236556365812, 0.823688636697, -18.125145454545, -37.258195454545, 22.006972727273
D14_j1_D18-D18, -21.486753571429, 10.133810416667, 12.409146130952, D14_j1_D18, -25.677696428571, -41.623718750000, 17.446620535714, 25.677696428571, 41.623718750000, -17.446620535714, 1.000000000000, 0.000000000000, -0.000000000000, -0.000000000000, 1.000000000000, -0.000000000000, 0.000000000000, 0.000000000000, 1.000000000000, -25.677696428571, -41.623718750000, 17.446620535714, D18, -47.164450000000, -31.489908333333, 29.855766666667, 47.164450000000, 31.489908333333, -29.855766666667, 0.789157998336, -0.547164099847, -0.279000181901, -0.334613355452, -0.763941068163, 0.551749895086, -0.515037431664, -0.342060655750, -0.785958619631, -27.673133333333, 3.924200000000, -11.278808333333
D14_j1_D18-D18_j1_D14, -33.812303530472, 8.044786983945, 4.723862057667, D14_j1_D18, -18.092861607143, 5.260093750000, -8.802678571429, 18.092861607143, -5.260093750000, 8.802678571429, 0.750617178316, -0.581235472616, -0.314227906129, -0.496046381644, -0.809876478486, 0.313110326965, -0.436476618933, -0.079154374281, -0.896226950140, -25.677696428571, -41.623718750000, 17.446620535714, D18_j1_D14, -51.905165137615, 13.304880733945, -4.078816513761, 51.905165137615, -13.304880733945, 4.078816513761, 0.934306704962, -0.147297699634, -0.324614184450, -0.287873193208, 0.225297434138, -0.930790035831, 0.210237973962, 0.963091093227, 0.168093844180, -19.651889908257, -3.160729357798, -9.340619266055
D14_j1_D54-D54, -8.132624180907, 21.050343055377, 21.340814595914, D14_j1_D54, -18.709817679558, -40.302110497238, 24.203790055249, 18.709817679558, 40.302110497238, -24.203790055249, 1.000000000000, -0.000000000000, 0.000000000000, 0.000000000000, 1.000000000000, 0.000000000000, 0.000000000000, -0.000000000000, 1.000000000000, -18.709817679558, -40.302110497238, 24.203790055249, D54, -26.842441860465, -19.251767441860, 45.544604651163, 26.842441860465, 19.251767441860, -45.544604651163, 0.960571923363, 0.265620570349, 0.082141905589, -0.174860613181, 0.347463069301, 0.921245451240, 0.216160463556, -0.899285898966, 0.380209844580, 33.721034883721, 18.395534883721, -11.937872093023
D14_j1_D54-D54_j1_D79, -7.248849211090, 37.596338285800, -22.856616320741, D14_j1_D54, 37.726817679558, 6.974729281768, -8.577370165746, -37.726817679558, -6.974729281768, 8.577370165746, 0.841391240903, 0.236285812549, 0.486034766781, 0.356036061845, 0.434238417897, -0.827451097702, -0.406569923135, 0.869256010167, 0.281238131112, -18.709817679558, -40.302110497238, 24.203790055249, D54_j1_D79, 30.477968468468, 44.571067567568, -31.433986486486, -30.477968468468, -44.571067567568, 31.433986486486, 0.538356785605, 0.760770852200, 0.362490940351, -0.546947176950, 0.642671457774, -0.536490617802, -0.641109005568, 0.090559968012, 0.762088010123, 41.231202702703, 11.485450450450, -3.431445945946
D14_j1_D76-D76, 25.535993444056, 8.076159790210, 14.038493968531, D14_j1_D76, -11.725629807692, -40.983596153846, 23.194360576923, 11.725629807692, 40.983596153846, -23.194360576923, 1.000000000000, 0.000000000000, -0.000000000000, -0.000000000000, 1.000000000000, 0.000000000000, -0.000000000000, -0.000000000000, 1.000000000000, -11.725629807692, -40.983596153846, 23.194360576923, D76, 13.810363636364, -32.907436363636, 37.232854545455, -13.810363636364, 32.907436363636, -37.232854545455, -0.214745194962, 0.170645479745, 0.961646827834, 0.757134228254, -0.592887782638, 0.274284227772, 0.616954019070, 0.786996948813, -0.001881731138, 25.935400000000, 17.910454545455, 15.244009090909
D14_j1_D79-D79, -1.162674316109, 34.412992325228, -1.103683662614, D14_j1_D79, -20.770004255319, -33.872974468085, 17.193987234043, 20.770004255319, 33.872974468085, -17.193987234043, 1.000000000000, 0.000000000000, -0.000000000000, -0.000000000000, 1.000000000000, -0.000000000000, 0.000000000000, 0.000000000000, 1.000000000000, -20.770004255319, -33.872974468085, 17.193987234043, D79, -21.932678571429, 0.540017857143, 16.090303571429, 21.932678571429, -0.540017857143, -16.090303571429, 0.863829859283, -0.251740092846, -0.436377015738, -0.326646673511, 0.379567827157, -0.865580854265, 0.383536080303, 0.890255688126, 0.245651958804, 15.331348214286, 16.035866071429, 27.893160714286
D14_j1_D79-D79_j1_D54, -18.399952597278, -11.950764826529, 33.977827487062, D14_j1_D79, 22.152578723404, 20.116246808511, 18.636361702128, -22.152578723404, -20.116246808511, -18.636361702128, 0.787033583813, 0.245171040980, 0.566100078268, -0.543626016573, -0.158169024526, 0.824289581267, 0.291631431872, -0.956490313775, 0.008797022166, -20.770004255319, -33.872974468085, 17.193987234043, D79_j1_D54, 3.752626126126, 8.165481981982, 52.614189189189, -3.752626126126, -8.165481981982, -52.614189189189, -0.129617401700, 0.747146768121, 0.651898025816, -0.990703512192, -0.070197395468, -0.116528436876, -0.041302301483, -0.660941776979, 0.749299731307, 20.412468468468, 2.515824324324, 18.469081081081
D14_j1_D79-D79_j2_D14, -15.943531104357, -9.176156332320, 35.670119250253, D14_j1_D79, 22.152578723404, 20.116246808511, 18.636361702128, -22.152578723404, -20.116246808511, -18.636361702128, 0.787033583813, 0.245171040980, 0.566100078268, -0.543626016573, -0.158169024526, 0.824289581267, 0.291631431872, -0.956490313775, 0.008797022166, -20.770004255319, -33.872974468085, 17.193987234043, D79_j2_D14, 6.209047619048, 10.940090476190, 54.306480952381, -6.209047619048, -10.940090476190, -54.306480952381, -0.174305374137, 0.747897643669, 0.640520687520, -0.984227601394, -0.112359235401, -0.136643444313, -0.030226895316, -0.654235826605, 0.755686322481, 23.595504761905, -0.293438095238, 18.533347619048
D14_j1_D81-D81, 7.205503115265, 18.930300623053, 6.519565830464, D14_j1_D81, -26.561836448598, -39.190467289720, 22.220285046729, 26.561836448598, 39.190467289720, -22.220285046729, 1.000000000000, 0.000000000000, 0.000000000000, 0.000000000000, 1.000000000000, -0.000000000000, 0.000000000000, -0.000000000000, 1.000000000000, -26.561836448598, -39.190467289720, 22.220285046729, D81, -19.356333333333, -20.260166666667, 28.739850877193, 19.356333333333, 20.260166666667, -28.739850877193, -0.714841988358, -0.487366896540, 0.501472272251, -0.012367150941, 0.725819267670, 0.687774268387, -0.699176648107, 0.485448142272, -0.524873428464, 1.263035087719, 16.051289473684, 1.472026315789
D14_j2_D14-D14, 2.216379487179, -3.246174358974, -32.804786858974, D14_j2_D14, 7.985220512821, -63.637625641026, 12.023174358974, -7.985220512821, 63.637625641026, -12.023174358974, 1.000000000000, -0.000000000000, 0.000000000000, 0.000000000000, 1.000000000000, 0.000000000000, -0.000000000000, -0.000000000000, 1.000000000000, 7.985220512821, -63.637625641026, 12.023174358974, D14, 10.201600000000, -66.883800000000, -20.781612500000, -10.201600000000, 66.883800000000, 20.781612500000, -0.384156124333, 0.862888982723, 0.328400176055, 0.139525237716, 0.405865627400, -0.903219685644, -0.912664659214, -0.301157261229, -0.276310556859, -26.097512500000, -31.947375000000, 17.698987500000
D14_j2_D14-D14_j1_D14, -8.326910217755, 40.466179435640, 12.944552634970, D14_j2_D14, -20.608466666667, -43.914676923077, 17.862256410256, 20.608466666667, 43.914676923077, -17.862256410256, -0.088016571553, 0.195314632377, -0.976783127163, 0.971380241141, 0.234010398171, -0.040737705742, 0.220620738493, -0.952413422799, -0.210321567652, 7.985220512821, -63.637625641026, 12.023174358974, D14_j1_D14, -28.935376884422, -3.448497487437, 30.806809045226, 28.935376884422, 3.448497487437, -30.806809045226, 0.788699540685, 0.034068239743, 0.613834171063, 0.180352858156, 0.941710646433, -0.283996311508, -0.587729428460, 0.334694507627, 0.736582449890, -9.827236180905, -39.483653266332, 22.674834170854
D14_j2_D14-D14_j1_D18, -17.551247619048, 41.846757280220, 10.523216804029, D14_j2_D14, -20.608466666667, -43.914676923077, 17.862256410256, 20.608466666667, 43.914676923077, -17.862256410256, -0.088016571553, 0.195314632377, -0.976783127163, 0.971380241141, 0.234010398171, -0.040737705742, 0.220620738493, -0.952413422799, -0.210321567652, 7.985220512821, -63.637625641026, 12.023174358974, D14_j1_D18, -38.159714285714, -2.067919642857, 28.385473214286, 38.159714285714, 2.067919642857, -28.385473214286, 0.871519596346, -0.293311398162, 0.392965668847, 0.275810120786, 0.955813495127, 0.101731705011, -0.405440958040, 0.019722734103, 0.913908443611, -25.677696428571, -41.623718750000, 17.446620535714
D14_j2_D14-D14_j1_D54, -15.788903499079, 40.676737696558, 12.059086131180, D14_j2_D14, -20.608466666667, -43.914676923077, 17.862256410256, 20.608466666667, 43.914676923077, -17.862256410256, -0.088016571553, 0.195314632377, -0.976783127163, 0.971380241141, 0.234010398171, -0.040737705742, 0.220620738493, -0.952413422799, -0.210321567652, 7.985220512821, -63.637625641026, 12.023174358974, D14_j1_D54, -36.397370165746, -3.237939226519, 29.921342541436, 36.397370165746, 3.237939226519, -29.921342541436, 0.831844392164, -0.077139983517, 0.549621988432, 0.208195451630, 0.961348981484, -0.180174331470, -0.514479893820, 0.264305805353, 0.815752952867, -18.709817679558, -40.302110497238, 24.203790055249
D14_j2_D14-D14_j1_D76, -9.547970833333, 39.425364423077, 13.955959935897, D14_j2_D14, -20.608466666667, -43.914676923077, 17.862256410256, 20.608466666667, 43.914676923077, -17.862256410256, -0.088016571553, 0.195314632377, -0.976783127163, 0.971380241141, 0.234010398171, -0.040737705742, 0.220620738493, -0.952413422799, -0.210321567652, 7.985220512821, -63.637625641026, 12.023174358974, D14_j1_D76, -30.156437500000, -4.489312500000, 31.818216346154, 30.156437500000, 4.489312500000, -31.818216346154, 0.815294923932, -0.041111351756, 0.577584663723, 0.206721421670, 0.952410796068, -0.224008770712, -0.540888566004, 0.302032336497, 0.784994284614, -11.725629807692, -40.983596153846, 23.194360576923
D14_j2_D14-D14_j1_D79, -11.980958865248, 46.505081178396, 9.156518057829, D14_j2_D14, -20.608466666667, -43.914676923077, 17.862256410256, 20.608466666667, 43.914676923077, -17.862256410256, -0.088016571553, 0.195314632377, -0.976783127163, 0.971380241141, 0.234010398171, -0.040737705742, 0.220620738493, -0.952413422799, -0.210321567652, 7.985220512821, -63.637625641026, 12.023174358974, D14_j1_D79, -32.589425531915, 2.590404255319, 27.018774468085, 32.589425531915, -2.590404255319, -27.018774468085, 0.832160438700, -0.215774764867, 0.510832903315, 0.238212826326, 0.970962018926, 0.022077300025, -0.500763071358, 0.103315094005, 0.859396496220, -20.770004255319, -33.872974468085, 17.193987234043
D14_j2_D14-D14_j1_D81, -19.993519314642, 43.655433932423, 8.428276300024, D14_j2_D14, -20.608466666667, -43.914676923077, 17.862256410256, 20.608466666667, 43.914676923077, -17.862256410256, -0.088016571553, 0.195314632377, -0.976783127163, 0.971380241141, 0.234010398171, -0.040737705742, 0.220620738493, -0.952413422799, -0.210321567652, 7.985220512821, -63.637625641026, 12.023174358974, D14_j1_D81, -40.601985981308, -0.259242990654, 26.290532710280, 40.601985981308, 0.259242990654, -26.290532710280, 0.807678216656, -0.195961139643, 0.556107121056, 0.264485222130, 0.963354843479, -0.044665566386, -0.526975773271, 0.183157520445, 0.829909547535, -26.561836448598, -39.190467289720, 22.220285046729
D14_j2_D14-D14_j2_D14, -1.164943589744, 37.025174358974, 9.325174358974, D14_j2_D14, -20.608466666667, -43.914676923077, 17.862256410256, 20.608466666667, 43.914676923077, -17.862256410256, -0.088016571553, 0.195314632377, -0.976783127163, 0.971380241141, 0.234010398171, -0.040737705742, 0.220620738493, -0.952413422799, -0.210321567652, 7.985220512821, -63.637625641026, 12.023174358974, D14_j2_D14, -21.773410256410, -6.889502564103, 27.187430769231, 21.773410256410, 6.889502564103, -27.187430769231, 0.154472345749, 0.801085225695, -0.578273945091, 0.248958408290, -0.597973177847, -0.761871242086, -0.956116104530, -0.026278123002, -0.291807222170, 7.985220512821, -63.637625641026, 12.023174358974
D14_j2_D14-D14_j2_D54, -14.612926950355, 41.322974795417, 13.003802100382, D14_j2_D14, -20.608466666667, -43.914676923077, 17.862256410256, 20.608466666667, 43.914676923077, -17.862256410256, -0.088016571553, 0.195314632377, -0.976783127163, 0.971380241141, 0.234010398171, -0.040737705742, 0.220620738493, -0.952413422799, -0.210321567652, 7.985220512821, -63.637625641026, 12.023174358974, D14_j2_D54, -35.221393617021, -2.591702127660, 30.866058510638, 35.221393617021, 2.591702127660, -30.866058510638, 0.879798185946, -0.187208998342, 0.436930135086, 0.246939588400, 0.965419070735, -0.083587424549, -0.406172366967, 0.181435412204, 0.895603260105, -20.319632978723, -40.158345744681, 22.093808510638
D14_j2_D14-D14_j2_D71, -17.714745155993, 42.861337021599, -0.255241631931, D14_j2_D14, -20.608466666667, -43.914676923077, 17.862256410256, 20.608466666667, 43.914676923077, -17.862256410256, -0.088016571553, 0.195314632377, -0.976783127163, 0.971380241141, 0.234010398171, -0.040737705742, 0.220620738493, -0.952413422799, -0.210321567652, 7.985220512821, -63.637625641026, 12.023174358974, D14_j2_D71, -38.323211822660, -1.053339901478, 17.607014778325, 38.323211822660, 1.053339901478, -17.607014778325, 0.810222506284, -0.039494037913, 0.584790313942, 0.154803423651, 0.976718447712, -0.148515904618, -0.565309994903, 0.210858471179, 0.797473080922, -26.701487684729, -36.139817733990, 15.427748768473
D14_j2_D14-D14_j2_D79, -19.694415189873, 41.227128399870, 5.088768906199, D14_j2_D14, -20.608466666667, -43.914676923077, 17.862256410256, 20.608466666667, 43.914676923077, -17.862256410256, -0.088016571553, 0.195314632377, -0.976783127163, 0.971380241141, 0.234010398171, -0.040737705742, 0.220620738493, -0.952413422799, -0.210321567652, 7.985220512821, -63.637625641026, 12.023174358974, D14_j2_D79, -40.302881856540, -2.687548523207, 22.951025316456, 40.302881856540, 2.687548523207, -22.951025316456, 0.822231775187, -0.108573732047, 0.558700861448, 0.188274797779, 0.978257700782, -0.086973969571, -0.537110331678, 0.176702053103, 0.824796263349, -26.189940928270, -39.419105485232, 19.213168776371
D14_j2_D14-D14_j3_D54, -16.576971836007, 40.969377457836, 3.269198135198, D14_j2_D14, -20.608466666667, -43.914676923077, 17.862256410256, 20.608466666667, 43.914676923077, -17.862256410256, -0.088016571553, 0.195314632377, -0.976783127163, 0.971380241141, 0.234010398171, -0.040737705742, 0.220620738493, -0.952413422799, -0.210321567652, 7.985220512821, -63.637625641026, 12.023174358974, D14_j3_D54, -37.185438502674, -2.945299465241, 21.131454545455, 37.185438502674, 2.945299465241, -21.131454545455, 0.480510146303, 0.739813576657, 0.470941473108, 0.111485127300, 0.481112200650, -0.869541325514, -0.869874166584, 0.470326399619, 0.148701083151, -2.898133689840, -40.214534759358, 32.100278074866
D14_j2_D14-D14_j4_D79, -5.363643971631, 47.137268412439, 5.737424440807, D14_j2_D14, -20.608466666667, -43.914676923077, 17.862256410256, 20.608466666667, 43.914676923077, -17.862256410256, -0.088016571553, 0.195314632377, -0.976783127163, 0.971380241141, 0.234010398171, -0.040737705742, 0.220620738493, -0.952413422799, -0.210321567652, 7.985220512821, -63.637625641026, 12.023174358974, D14_j4_D79, -25.972110638298, 3.222591489362, 23.599680851064, 25.972110638298, -3.222591489362, -23.599680851064, 0.708349883294, 0.337049367590, 0.620192040133, 0.079838838780, 0.834735381734, -0.544832636966, -0.701331735101, 0.435447547115, 0.564375080113, -3.722425531915, -31.510489361702, 21.923136170213
D14_j2_D14-D14_j5_D79, -12.368351515152, 44.239008741259, 11.603261771562, D14_j2_D14, -20.608466666667, -43.914676923077, 17.862256410256, 20.608466666667, 43.914676923077, -17.862256410256, -0.088016571553, 0.195314632377, -0.976783127163, 0.971380241141, 0.234010398171, -0.040737705742, 0.220620738493, -0.952413422799, -0.210321567652, 7.985220512821, -63.637625641026, 12.023174358974, D14_j5_D79, -32.976818181818, 0.324331818182, 29.465518181818, 32.976818181818, -0.324331818182, -29.465518181818, 0.814028764124, -0.165358884002, 0.556788658882, 0.267916135400, 0.957443223004, -0.107347189609, -0.515342716617, 0.236556365812, 0.823688636697, -18.125145454545, -37.258195454545, 22.006972727273
D14_j2_D54-D54, -4.265460044532, 15.633438767937, 27.941365907966, D14_j2_D54, -20.319632978723, -40.158345744681, 22.093808510638, 20.319632978723, 40.158345744681, -22.093808510638, 1.000000000000, -0.000000000000, 0.000000000000, 0.000000000000, 1.000000000000, 0.000000000000, -0.000000000000, 0.000000000000, 1.000000000000, -20.319632978723, -40.158345744681, 22.093808510638, D54, -24.585093023256, -24.524906976744, 50.035174418605, 24.585093023256, 24.524906976744, -50.035174418605, 0.538738487993, 0.758814604757, -0.366007154523, 0.370311882051, 0.176935121570, 0.911900802043, 0.756723167061, -0.626812857528, -0.185676304548, 33.721034883721, 18.395534883721, -11.937872093023
D14_j2_D54-D54_j1_D79, -5.077308127276, 35.991264376078, -28.105991805635, D14_j2_D54, 35.555276595745, 8.579803191489, -3.327994680851, -35.555276595745, -8.579803191489, 3.327994680851, 0.099365853357, 0.553244726837, 0.827071157407, 0.772872504091, 0.480610697661, -0.414344602612, -0.626733212465, 0.680392261509, -0.379831345300, -20.319632978723, -40.158345744681, 22.093808510638, D54_j1_D79, 30.477968468468, 44.571067567568, -31.433986486486, -30.477968468468, -44.571067567568, 31.433986486486, 0.538356785605, 0.760770852200, 0.362490940351, -0.546947176950, 0.642671457774, -0.536490617802, -0.641109005568, 0.090559968012, 0.762088010123, 41.231202702703, 11.485450450450, -3.431445945946
D14_j2_D71-D71, -29.327512315271, 14.349277733990, 3.261551231527, D14_j2_D71, -26.701487684729, -36.139817733990, 15.427748768473, 26.701487684729, 36.139817733990, -15.427748768473, 1.000000000000, 0.000000000000, -0.000000000000, 0.000000000000, 1.000000000000, 0.000000000000, -0.000000000000, 0.000000000000, 1.000000000000, -26.701487684729, -36.139817733990, 15.427748768473, D71, -56.029000000000, -21.790540000000, 18.689300000000, 56.029000000000, 21.790540000000, -18.689300000000, 0.665661583289, 0.746118216824, -0.014221921681, -0.722935419244, 0.640017555180, -0.260272758206, -0.185091966697, 0.183535107227, 0.965430384999, 25.200610000000, 25.495290000000, 7.951750000000
D14_j2_D79-D79, -23.362809071730, -10.307305229054, -7.675856276371, D14_j2_D79, -26.189940928270, -39.419105485232, 19.213168776371, 26.189940928270, 39.419105485232, -19.213168776371, 1.000000000000, 0.000000000000, 0.000000000000, -0.000000000000, 1.000000000000, 0.000000000000, -0.000000000000, -0.000000000000, 1.000000000000, -26.189940928270, -39.419105485232, 19.213168776371, D79, -49.552750000000, -49.726410714286, 11.537312500000, 49.552750000000, 49.726410714286, -11.537312500000, -0.652756233356, 0.668040923511, 0.357254285249, -0.316310750953, 0.188167531691, -0.929806694345, -0.688372579819, -0.719940486798, 0.088480996957, 15.331348214286, 16.035866071429, 27.893160714286
D14_j2_D79-D79_j1_D54, -6.111171342228, -1.289682574980, 31.108973999316, D14_j2_D79, 9.863797468354, 9.455164556962, 21.505215189873, -9.863797468354, -9.455164556962, -21.505215189873, -0.147559016644, -0.460307195017, -0.875410545300, 0.405415569443, 0.779175411156, -0.478041729040, 0.902144418960, -0.425444432171, 0.071641346123, -26.189940928270, -39.419105485232, 19.213168776371, D79_j1_D54, 3.752626126126, 8.165481981982, 52.614189189189, -3.752626126126, -8.165481981982, -52.614189189189, -0.129617401700, 0.747146768121, 0.651898025816, -0.990703512192, -0.070197395468, -0.116528436876, -0.041302301483, -0.660941776979, 0.749299731307, 20.412468468468, 2.515824324324, 18.469081081081
D14_j2_D79-D79_j2_D14, -3.654749849307, 1.484925919228, 32.801265762508, D14_j2_D79, 9.863797468354, 9.455164556962, 21.505215189873, -9.863797468354, -9.455164556962, -21.505215189873, -0.147559016644, -0.460307195017, -0.875410545300, 0.405415569443, 0.779175411156, -0.478041729040, 0.902144418960, -0.425444432171, 0.071641346123, -26.189940928270, -39.419105485232, 19.213168776371, D79_j2_D14, 6.209047619048, 10.940090476190, 54.306480952381, -6.209047619048, -10.940090476190, -54.306480952381, -0.174305374137, 0.747897643669, 0.640520687520, -0.984227601394, -0.112359235401, -0.136643444313, -0.030226895316, -0.654235826605, 0.755686322481, 23.595504761905, -0.293438095238, 18.533347619048
D14_j3_D54-D54, 2.367215085188, 10.147592898893, 28.230082390250, D14_j3_D54, -2.898133689840, -40.214534759358, 32.100278074866, 2.898133689840, 40.214534759358, -32.100278074866, 1.000000000000, 0.000000000000, -0.000000000000, -0.000000000000, 1.000000000000, 0.000000000000, 0.000000000000, -0.000000000000, 1.000000000000, -2.898133689840, -40.214534759358, 32.100278074866, D54, -0.530918604651, -30.066941860465, 60.330360465116, 0.530918604651, 30.066941860465, -60.330360465116, 0.984024490444, -0.172978089419, -0.042123423256, -0.016808721653, -0.325814681639, 0.945284221864, -0.177237888394, -0.929474783848, -0.323517166636, 33.721034883721, 18.395534883721, -11.937872093023
D14_j3_D54-D54_j1_D79, -3.487330996772, 32.988810883076, -28.451676326059, D14_j3_D54, 33.965299465241, 11.582256684492, -2.982310160428, -33.965299465241, -11.582256684492, 2.982310160428, 0.914099398000, 0.393391894535, 0.098311280587, 0.251504003685, -0.359871340590, -0.898464442453, -0.318069216849, 0.846011486646, -0.427897812283, -2.898133689840, -40.214534759358, 32.100278074866, D54_j1_D79, 30.477968468468, 44.571067567568, -31.433986486486, -30.477968468468, -44.571067567568, 31.433986486486, 0.538356785605, 0.760770852200, 0.362490940351, -0.546947176950, 0.642671457774, -0.536490617802, -0.641109005568, 0.090559968012, 0.762088010123, 41.231202702703, 11.485450450450, -3.431445945946
D14_j4_D79-D79, 1.869782674772, 34.620828647416, 1.590104901216, D14_j4_D79, -3.722425531915, -31.510489361702, 21.923136170213, 3.722425531915, 31.510489361702, -21.923136170213, 1.000000000000, 0.000000000000, -0.000000000000, 0.000000000000, 1.000000000000, 0.000000000000, -0.000000000000, 0.000000000000, 1.000000000000, -3.722425531915, -31.510489361702, 21.923136170213, D79, -1.852642857143, 3.110339285714, 23.513241071429, 1.852642857143, -3.110339285714, -23.513241071429, 0.978093752646, 0.007097306499, 0.208043839791, 0.164876151543, 0.583693518637, -0.795058319215, -0.127076613455, 0.811943042671, 0.569736807457, 15.331348214286, 16.035866071429, 27.893160714286
D14_j4_D79-D79_j1_D54, -13.757667490895, -0.535692486103, 36.693240253019, D14_j4_D79, 17.510293617021, 8.701174468085, 15.920948936170, -17.510293617021, -8.701174468085, -15.920948936170, 0.570359454102, 0.803545035940, 0.170309918477, -0.502647398210, 0.177455518288, 0.846082225379, 0.649642737348, -0.568176833604, 0.505113254198, -3.722425531915, -31.510489361702, 21.923136170213, D79_j1_D54, 3.752626126126, 8.165481981982, 52.614189189189, -3.752626126126, -8.165481981982, -52.614189189189, -0.129617401700, 0.747146768121, 0.651898025816, -0.990703512192, -0.070197395468, -0.116528436876, -0.041302301483, -0.660941776979, 0.749299731307, 20.412468468468, 2.515824324324, 18.469081081081
D14_j4_D79-D79_j2_D14, -11.301245997974, 2.238916008105, 38.385532016211, D14_j4_D79, 17.510293617021, 8.701174468085, 15.920948936170, -17.510293617021, -8.701174468085, -15.920948936170, 0.570359454102, 0.803545035940, 0.170309918477, -0.502647398210, 0.177455518288, 0.846082225379, 0.649642737348, -0.568176833604, 0.505113254198, -3.722425531915, -31.510489361702, 21.923136170213, D79_j2_D14, 6.209047619048, 10.940090476190, 54.306480952381, -6.209047619048, -10.940090476190, -54.306480952381, -0.174305374137, 0.747897643669, 0.640520687520, -0.984227601394, -0.112359235401, -0.136643444313, -0.030226895316, -0.654235826605, 0.755686322481, 23.595504761905, -0.293438095238, 18.533347619048
D14_j5_D79-D79, 6.164466883117, 20.579695454545, 26.312545129870, D14_j5_D79, -18.125145454545, -37.258195454545, 22.006972727273, 18.125145454545, 37.258195454545, -22.006972727273, 1.000000000000, 0.000000000000, -0.000000000000, -0.000000000000, 1.000000000000, 0.000000000000, 0.000000000000, 0.000000000000, 1.000000000000, -18.125145454545, -37.258195454545, 22.006972727273, D79, -11.960678571429, -16.678500000000, 48.319517857143, 11.960678571429, 16.678500000000, -48.319517857143, -0.930544126945, -0.260553319733, 0.257292820312, 0.349924179523, -0.425702893931, 0.834463968476, -0.107892058989, 0.866538524057, 0.487309234400, 15.331348214286, 16.035866071429, 27.893160714286
D14_j5_D79-D79_j1_D54, -15.743242055692, -8.063413472563, 35.509252825553, D14_j5_D79, 19.495868181818, 16.228895454545, 17.104936363636, -19.495868181818, -16.228895454545, -17.104936363636, -0.880140453759, -0.351457919572, -0.319108308301, 0.029371439857, -0.711241653548, 0.702333701867, -0.473803862560, 0.608779632567, 0.636315376833, -18.125145454545, -37.258195454545, 22.006972727273, D79_j1_D54, 3.752626126126, 8.165481981982, 52.614189189189, -3.752626126126, -8.165481981982, -52.614189189189, -0.129617401700, 0.747146768121, 0.651898025816, -0.990703512192, -0.070197395468, -0.116528436876, -0.041302301483, -0.660941776979, 0.749299731307, 20.412468468468, 2.515824324324, 18.469081081081
D14_j5_D79-D79_j2_D14, -13.286820562771, -5.288804978355, 37.201544588745, D14_j5_D79, 19.495868181818, 16.228895454545, 17.104936363636, -19.495868181818, -16.228895454545, -17.104936363636, -0.880140453759, -0.351457919572, -0.319108308301, 0.029371439857, -0.711241653548, 0.702333701867, -0.473803862560, 0.608779632567, 0.636315376833, -18.125145454545, -37.258195454545, 22.006972727273, D79_j2_D14, 6.209047619048, 10.940090476190, 54.306480952381, -6.209047619048, -10.940090476190, -54.306480952381, -0.174305374137, 0.747897643669, 0.640520687520, -0.984227601394, -0.112359235401, -0.136643444313, -0.030226895316, -0.654235826605, 0.755686322481, 23.595504761905, -0.293438095238, 18.533347619048
D18-D18, -16.991158333333, 4.635366666667, 1.279516666667, D18, -27.673133333333, 3.924200000000, -11.278808333333, 27.673133333333, -3.924200000000, 11.278808333333, 1.000000000000, 0.000000000000, -0.000000000000, -0.000000000000, 1.000000000000, -0.000000000000, -0.000000000000, -0.000000000000, 1.000000000000, -27.673133333333, 3.924200000000, -11.278808333333, D18, -44.664291666667, 8.559566666667, -9.999291666667, 44.664291666667, -8.559566666667, 9.999291666667, 0.985550778099, 0.006536650504, -0.169254057525, -0.113047797746, 0.769511181434, -0.628548118343, 0.126134290394, 0.638599885568, 0.759131297563, -27.673133333333, 3.924200000000, -11.278808333333
D18-D18_j1_D14, -24.232031804281, 9.380680733945, 7.199991819572, D18, -27.673133333333, 3.924200000000, -11.278808333333, 27.673133333333, -3.924200000000, 11.278808333333, 1.000000000000, 0.000000000000, -0.000000000000, -0.000000000000, 1.000000000000, -0.000000000000, -0.000000000000, -0.000000000000, 1.000000000000, -27.673133333333, 3.924200000000, -11.278808333333, D18_j1_D14, -51.905165137615, 13.304880733945, -4.078816513761, 51.905165137615, -13.304880733945, 4.078816513761, 0.934306704962, -0.147297699634, -0.324614184450, -0.287873193208, 0.225297434138, -0.930790035831, 0.210237973962, 0.963091093227, 0.168093844180, -19.651889908257, -3.160729357798, -9.340619266055
D18_j1_D14-D14, -28.415247591743, -17.632595642202, 8.957494266055, D18_j1_D14, -19.651889908257, -3.160729357798, -9.340619266055, 19.651889908257, 3.160729357798, 9.340619266055, 1.000000000000, 0.000000000000, -0.000000000000, 0.000000000000, 1.000000000000, 0.000000000000, -0.000000000000, -0.000000000000, 1.000000000000, -19.651889908257, -3.160729357798, -9.340619266055, D14, -48.067137500000, -20.793325000000, -0.383125000000, 48.067137500000, 20.793325000000, 0.383125000000, 0.833982524598, -0.505626775122, -0.220940519022, -0.393996715352, -0.826000052612, 0.403101105650, -0.386315592434, -0.249129438975, -0.888084897787, -26.097512500000, -31.947375000000, 17.698987500000
D18_j1_D14-D14_j1_D14, -10.231266792679, 41.627676824489, 11.758020054400, D18_j1_D14, -18.704110091743, -45.076174311927, 19.048788990826, 18.704110091743, 45.076174311927, -19.048788990826, 0.821208685328, -0.547684363487, -0.160181563029, -0.560395051526, -0.721132666012, -0.407339004068, 0.107581045574, 0.424275283281, -0.899120015699, -19.651889908257, -3.160729357798, -9.340619266055, D14_j1_D14, -28.935376884422, -3.448497487437, 30.806809045226, 28.935376884422, 3.448497487437, -30.806809045226, 0.788699540685, 0.034068239743, 0.613834171063, 0.180352858156, 0.941710646433, -0.283996311508, -0.587729428460, 0.334694507627, 0.736582449890, -9.827236180905, -39.483653266332, 22.674834170854
D18_j1_D14-D14_j1_D18, -19.455604193971, 43.008254669069, 9.336684223460, D18_j1_D14, -18.704110091743, -45.076174311927, 19.048788990826, 18.704110091743, 45.076174311927, -19.048788990826, 0.821208685328, -0.547684363487, -0.160181563029, -0.560395051526, -0.721132666012, -0.407339004068, 0.107581045574, 0.424275283281, -0.899120015699, -19.651889908257, -3.160729357798, -9.340619266055, D14_j1_D18, -38.159714285714, -2.067919642857, 28.385473214286, 38.159714285714, 2.067919642857, -28.385473214286, 0.871519596346, -0.293311398162, 0.392965668847, 0.275810120786, 0.955813495127, 0.101731705011, -0.405440958040, 0.019722734103, 0.913908443611, -25.677696428571, -41.623718750000, 17.446620535714
D18_j1_D14-D14_j1_D54, -17.693260074003, 41.838235085407, 10.872553550611, D18_j1_D14, -18.704110091743, -45.076174311927, 19.048788990826, 18.704110091743, 45.076174311927, -19.048788990826, 0.821208685328, -0.547684363487, -0.160181563029, -0.560395051526, -0.721132666012, -0.407339004068, 0.107581045574, 0.424275283281, -0.899120015699, -19.651889908257, -3.160729357798, -9.340619266055, D14_j1_D54, -36.397370165746, -3.237939226519, 29.921342541436, 36.397370165746, 3.237939226519, -29.921342541436, 0.831844392164, -0.077139983517, 0.549621988432, 0.208195451630, 0.961348981484, -0.180174331470, -0.514479893820, 0.264305805353, 0.815752952867, -18.709817679558, -40.302110497238, 24.203790055249
D18_j1_D14-D14_j1_D76, -11.452327408257, 40.586861811927, 12.769427355328, D18_j1_D14, -18.704110091743, -45.076174311927, 19.048788990826, 18.704110091743, 45.076174311927, -19.048788990826, 0.821208685328, -0.547684363487, -0.160181563029, -0.560395051526, -0.721132666012, -0.407339004068, 0.107581045574, 0.424275283281, -0.899120015699, -19.651889908257, -3.160729357798, -9.340619266055, D14_j1_D76, -30.156437500000, -4.489312500000, 31.818216346154, 30.156437500000, 4.489312500000, -31.818216346154, 0.815294923932, -0.041111351756, 0.577584663723, 0.206721421670, 0.952410796068, -0.224008770712, -0.540888566004, 0.302032336497, 0.784994284614, -11.725629807692, -40.983596153846, 23.194360576923
D18_j1_D14-D14_j1_D79, -13.885315440172, 47.666578567246, 7.969985477259, D18_j1_D14, -18.704110091743, -45.076174311927, 19.048788990826, 18.704110091743, 45.076174311927, -19.048788990826, 0.821208685328, -0.547684363487, -0.160181563029, -0.560395051526, -0.721132666012, -0.407339004068, 0.107581045574, 0.424275283281, -0.899120015699, -19.651889908257, -3.160729357798, -9.340619266055, D14_j1_D79, -32.589425531915, 2.590404255319, 27.018774468085, 32.589425531915, -2.590404255319, -27.018774468085, 0.832160438700, -0.215774764867, 0.510832903315, 0.238212826326, 0.970962018926, 0.022077300025, -0.500763071358, 0.103315094005, 0.859396496220, -20.770004255319, -33.872974468085, 17.193987234043
D18_j1_D14-D14_j1_D81, -21.897875889565, 44.816931321272, 7.241743719455, D18_j1_D14, -18.704110091743, -45.076174311927, 19.048788990826, 18.704110091743, 45.076174311927, -19.048788990826, 0.821208685328, -0.547684363487, -0.160181563029, -0.560395051526, -0.721132666012, -0.407339004068, 0.107581045574, 0.424275283281, -0.899120015699, -19.651889908257, -3.160729357798, -9.340619266055, D14_j1_D81, -40.601985981308, -0.259242990654, 26.290532710280, 40.601985981308, 0.259242990654, -26.290532710280, 0.807678216656, -0.195961139643, 0.556107121056, 0.264485222130, 0.963354843479, -0.044665566386, -0.526975773271, 0.183157520445, 0.829909547535, -26.561836448598, -39.190467289720, 22.220285046729
D18_j1_D14-D14_j2_D14, -3.069300164667, 38.186671747824, 8.138641778405, D18_j1_D14, -18.704110091743, -45.076174311927, 19.048788990826, 18.704110091743, 45.076174311927, -19.048788990826, 0.821208685328, -0.547684363487, -0.160181563029, -0.560395051526, -0.721132666012, -0.407339004068, 0.107581045574, 0.424275283281, -0.899120015699, -19.651889908257, -3.160729357798, -9.340619266055, D14_j2_D14, -21.773410256410, -6.889502564103, 27.187430769231, 21.773410256410, 6.889502564103, -27.187430769231, 0.154472345749, 0.801085225695, -0.578273945091, 0.248958408290, -0.597973177847, -0.761871242086, -0.956116104530, -0.026278123002, -0.291807222170, 7.985220512821, -63.637625641026, 12.023174358974
D18_j1_D14-D14_j2_D54, -16.517283525278, 42.484472184267, 11.817269519813, D18_j1_D14, -18.704110091743, -45.076174311927, 19.048788990826, 18.704110091743, 45.076174311927, -19.048788990826, 0.821208685328, -0.547684363487, -0.160181563029, -0.560395051526, -0.721132666012, -0.407339004068, 0.107581045574, 0.424275283281, -0.899120015699, -19.651889908257, -3.160729357798, -9.340619266055, D14_j2_D54, -35.221393617021, -2.591702127660, 30.866058510638, 35.221393617021, 2.591702127660, -30.866058510638, 0.879798185946, -0.187208998342, 0.436930135086, 0.246939588400, 0.965419070735, -0.083587424549, -0.406172366967, 0.181435412204, 0.895603260105, -20.319632978723, -40.158345744681, 22.093808510638
D18_j1_D14-D14_j2_D71, -19.619101730917, 44.022834410449, -1.441774212501, D18_j1_D14, -18.704110091743, -45.076174311927, 19.048788990826, 18.704110091743, 45.076174311927, -19.048788990826, 0.821208685328, -0.547684363487, -0.160181563029, -0.560395051526, -0.721132666012, -0.407339004068, 0.107581045574, 0.424275283281, -0.899120015699, -19.651889908257, -3.160729357798, -9.340619266055, D14_j2_D71, -38.323211822660, -1.053339901478, 17.607014778325, 38.323211822660, 1.053339901478, -17.607014778325, 0.810222506284, -0.039494037913, 0.584790313942, 0.154803423651, 0.976718447712, -0.148515904618, -0.565309994903, 0.210858471179, 0.797473080922, -26.701487684729, -36.139817733990, 15.427748768473
D18_j1_D14-D14_j2_D79, -21.598771764797, 42.388625788720, 3.902236325630, D18_j1_D14, -18.704110091743, -45.076174311927, 19.048788990826, 18.704110091743, 45.076174311927, -19.048788990826, 0.821208685328, -0.547684363487, -0.160181563029, -0.560395051526, -0.721132666012, -0.407339004068, 0.107581045574, 0.424275283281, -0.899120015699, -19.651889908257, -3.160729357798, -9.340619266055, D14_j2_D79, -40.302881856540, -2.687548523207, 22.951025316456, 40.302881856540, 2.687548523207, -22.951025316456, 0.822231775187, -0.108573732047, 0.558700861448, 0.188274797779, 0.978257700782, -0.086973969571, -0.537110331678, 0.176702053103, 0.824796263349, -26.189940928270, -39.419105485232, 19.213168776371
D18_j1_D14-D14_j3_D54, -18.481328410931, 42.130874846686, 2.082665554629, D18_j1_D14, -18.704110091743, -45.076174311927, 19.048788990826, 18.704110091743, 45.076174311927, -19.048788990826, 0.821208685328, -0.547684363487, -0.160181563029, -0.560395051526, -0.721132666012, -0.407339004068, 0.107581045574, 0.424275283281, -0.899120015699, -19.651889908257, -3.160729357798, -9.340619266055, D14_j3_D54, -37.185438502674, -2.945299465241, 21.131454545455, 37.185438502674, 2.945299465241, -21.131454545455, 0.480510146303, 0.739813576657, 0.470941473108, 0.111485127300, 0.481112200650, -0.869541325514, -0.869874166584, 0.470326399619, 0.148701083151, -2.898133689840, -40.214534759358, 32.100278074866
D18_j1_D14-D14_j4_D79, -7.268000546555, 48.298765801288, 4.550891860238, D18_j1_D14, -18.704110091743, -45.076174311927, 19.048788990826, 18.704110091743, 45.076174311927, -19.048788990826, 0.821208685328, -0.547684363487, -0.160181563029, -0.560395051526, -0.721132666012, -0.407339004068, 0.107581045574, 0.424275283281, -0.899120015699, -19.651889908257, -3.160729357798, -9.340619266055, D14_j4_D79, -25.972110638298, 3.222591489362, 23.599680851064, 25.972110638298, -3.222591489362, -23.599680851064, 0.708349883294, 0.337049367590, 0.620192040133, 0.079838838780, 0.834735381734, -0.544832636966, -0.701331735101, 0.435447547115, 0.564375080113, -3.722425531915, -31.510489361702, 21.923136170213
D18_j1_D14-D14_j5_D79, -14.272708090075, 45.400506130108, 10.416729190992, D18_j1_D14, -18.704110091743, -45.076174311927, 19.048788990826, 18.704110091743, 45.076174311927, -19.048788990826, 0.821208685328, -0.547684363487, -0.160181563029, -0.560395051526, -0.721132666012, -0.407339004068, 0.107581045574, 0.424275283281, -0.899120015699, -19.651889908257, -3.160729357798, -9.340619266055, D14_j5_D79, -32.976818181818, 0.324331818182, 29.465518181818, 32.976818181818, -0.324331818182, -29.465518181818, 0.814028764124, -0.165358884002, 0.556788658882, 0.267916135400, 0.957443223004, -0.107347189609, -0.515342716617, 0.236556365812, 0.823688636697, -18.125145454545, -37.258195454545, 22.006972727273
D4-D4, -13.177810000000, -7.712020000000, -9.421320000000, D4, -22.876200000000, -67.201200000000, 6.399470000000, 22.876200000000, 67.201200000000, -6.399470000000, 1.000000000000, 0.000000000000, 0.000000000000, -0.000000000000, 1.000000000000, 0.000000000000, 0.000000000000, -0.000000000000, 1.000000000000, -22.876200000000, -67.201200000000, 6.399470000000, D4, -36.054010000000, -74.913220000000, -3.021850000000, 36.054010000000, 74.913220000000, 3.021850000000, 0.587840785694, 0.806967881376, -0.056974109058, -0.571277551887, 0.463951931481, 0.677045466705, 0.572787193804, -0.365446909555, 0.733732503649, -22.876200000000, -67.201200000000, 6.399470000000
D4-D4_j1_D64, -17.061651063830, -17.313995744681, -15.121831702128, D4, -22.876200000000, -67.201200000000, 6.399470000000, 22.876200000000, 67.201200000000, -6.399470000000, 1.000000000000, 0.000000000000, 0.000000000000, -0.000000000000, 1.000000000000, 0.000000000000, 0.000000000000, -0.000000000000, 1.000000000000, -22.876200000000, -67.201200000000, 6.399470000000, D4_j1_D64, -39.937851063830, -84.515195744681, -8.722361702128, 39.937851063830, 84.515195744681, 8.722361702128, -0.116129973649, 0.900433406249, 0.419205808800, -0.264466361300, -0.434857236890, 0.860788433511, 0.957377340948, -0.010902496788, 0.288634306004, -20.818365957447, -63.943961702128, 12.943200000000
D49-D49, -11.073650000000, 10.795275000000, -12.810737500000, D49, 33.211537500000, 12.630225000000, -17.272262500000, -33.211537500000, -12.630225000000, 17.272262500000, 1.000000000000, 0.000000000000, -0.000000000000, 0.000000000000, 1.000000000000, -0.000000000000, 0.000000000000, 0.000000000000, 1.000000000000, 33.211537500000, 12.630225000000, -17.272262500000, D49, 22.137887500000, 23.425500000000, -30.083000000000, -22.137887500000, -23.425500000000, 30.083000000000, 0.938730187137, 0.265085345284, -0.220262106303, -0.247090466452, 0.963166114220, 0.106100602294, 0.240274711832, -0.045175171658, 0.969653168262, 33.211537500000, 12.630225000000, -17.272262500000
D49-D49_j1_D14, -16.845699511173, 19.065964944134, -18.417642527933, D49, 33.211537500000, 12.630225000000, -17.272262500000, -33.211537500000, -12.630225000000, 17.272262500000, 1.000000000000, 0.000000000000, -0.000000000000, 0.000000000000, 1.000000000000, -0.000000000000, 0.000000000000, 0.000000000000, 1.000000000000, 33.211537500000, 12.630225000000, -17.272262500000, D49_j1_D14, 16.365837988827, 31.696189944134, -35.689905027933, -16.365837988827, -31.696189944134, 35.689905027933, 0.783698677834, 0.428651629442, -0.449526598699, -0.398990074826, 0.902064375143, 0.164580628533, 0.476049684961, 0.050375030273, 0.877974403826, 40.643486033520, 10.402955307263, -10.076262569832
D49-D49_j1_D79, -23.441127976190, 21.042446428571, -12.542451785714, D49, 33.211537500000, 12.630225000000, -17.272262500000, -33.211537500000, -12.630225000000, 17.272262500000, 1.000000000000, 0.000000000000, -0.000000000000, 0.000000000000, 1.000000000000, -0.000000000000, 0.000000000000, 0.000000000000, 1.000000000000, 33.211537500000, 12.630225000000, -17.272262500000, D49_j1_D79, 9.770409523810, 33.672671428571, -29.814714285714, -9.770409523810, -33.672671428571, 29.814714285714, 0.775144979514, 0.395187593108, -0.492926999654, -0.400519969643, 0.910776130353, 0.100352350724, 0.488604149237, 0.119639486092, 0.864264067699, 34.707419047619, 16.403080952381, -7.704895238095
D49-D49_j1_D81, -20.347085011312, 18.743584954751, -20.886149264706, D49, 33.211537500000, 12.630225000000, -17.272262500000, -33.211537500000, -12.630225000000, 17.272262500000, 1.000000000000, 0.000000000000, -0.000000000000, 0.000000000000, 1.000000000000, -0.000000000000, 0.000000000000, 0.000000000000, 1.000000000000, 33.211537500000, 12.630225000000, -17.272262500000, D49_j1_D81, 12.864452488688, 31.373809954751, -38.158411764706, -12.864452488688, -31.373809954751, 38.158411764706, 0.783906653699, 0.421907354741, -0.455504711613, -0.384104113052, 0.905949611188, 0.178099220451, 0.487805687362, 0.035348069314, 0.872236278409, 39.406171945701, 10.432728506787, -13.814990950226
D49_j1_D14-D14, -1.534411033520, 16.117444692737, -26.764212430168, D49_j1_D14, 40.643486033520, 10.402955307263, -10.076262569832, -40.643486033520, -10.402955307263, 10.076262569832, 1.000000000000, 0.000000000000, -0.000000000000, 0.000000000000, 1.000000000000, -0.000000000000, 0.000000000000, 0.000000000000, 1.000000000000, 40.643486033520, 10.402955307263, -10.076262569832, D14, 39.109075000000, 26.520400000000, -36.840475000000, -39.109075000000, -26.520400000000, 36.840475000000, -0.332711798906, -0.943024132889, -0.002888538995, -0.520072027983, 0.186041928803, -0.833614711024, 0.786656179394, -0.275851201766, -0.552338818033, -26.097512500000, -31.947375000000, 17.698987500000
D49_j1_D14-D14_j1_D14, -9.265024929115, 38.046787428764, 13.869093961427, D49_j1_D14, -19.670351955307, -41.495284916201, 16.937715083799, 19.670351955307, 41.495284916201, -16.937715083799, -0.624137007996, -0.437752180353, 0.647167693760, -0.781303893278, 0.354083681721, -0.513993164048, -0.004149891449, -0.826436794277, -0.563014212490, 40.643486033520, 10.402955307263, -10.076262569832, D14_j1_D14, -28.935376884422, -3.448497487437, 30.806809045226, 28.935376884422, 3.448497487437, -30.806809045226, 0.788699540685, 0.034068239743, 0.613834171063, 0.180352858156, 0.941710646433, -0.283996311508, -0.587729428460, 0.334694507627, 0.736582449890, -9.827236180905, -39.483653266332, 22.674834170854
D49_j1_D14-D14_j1_D18, -18.489362330407, 39.427365273344, 11.447758130487, D49_j1_D14, -19.670351955307, -41.495284916201, 16.937715083799, 19.670351955307, 41.495284916201, -16.937715083799, -0.624137007996, -0.437752180353, 0.647167693760, -0.781303893278, 0.354083681721, -0.513993164048, -0.004149891449, -0.826436794277, -0.563014212490, 40.643486033520, 10.402955307263, -10.076262569832, D14_j1_D18, -38.159714285714, -2.067919642857, 28.385473214286, 38.159714285714, 2.067919642857, -28.385473214286, 0.871519596346, -0.293311398162, 0.392965668847, 0.275810120786, 0.955813495127, 0.101731705011, -0.405440958040, 0.019722734103, 0.913908443611, -25.677696428571, -41.623718750000, 17.446620535714
D49_j1_D14-D14_j1_D54, -16.727018210439, 38.257345689682, 12.983627457638, D49_j1_D14, -19.670351955307, -41.495284916201, 16.937715083799, 19.670351955307, 41.495284916201, -16.937715083799, -0.624137007996, -0.437752180353, 0.647167693760, -0.781303893278, 0.354083681721, -0.513993164048, -0.004149891449, -0.826436794277, -0.563014212490, 40.643486033520, 10.402955307263, -10.076262569832, D14_j1_D54, -36.397370165746, -3.237939226519, 29.921342541436, 36.397370165746, 3.237939226519, -29.921342541436, 0.831844392164, -0.077139983517, 0.549621988432, 0.208195451630, 0.961348981484, -0.180174331470, -0.514479893820, 0.264305805353, 0.815752952867, -18.709817679558, -40.302110497238, 24.203790055249
D49_j1_D14-D14_j1_D76, -10.486085544693, 37.005972416201, 14.880501262355, D49_j1_D14, -19.670351955307, -41.495284916201, 16.937715083799, 19.670351955307, 41.495284916201, -16.937715083799, -0.624137007996, -0.437752180353, 0.647167693760, -0.781303893278, 0.354083681721, -0.513993164048, -0.004149891449, -0.826436794277, -0.563014212490, 40.643486033520, 10.402955307263, -10.076262569832, D14_j1_D76, -30.156437500000, -4.489312500000, 31.818216346154, 30.156437500000, 4.489312500000, -31.818216346154, 0.815294923932, -0.041111351756, 0.577584663723, 0.206721421670, 0.952410796068, -0.224008770712, -0.540888566004, 0.302032336497, 0.784994284614, -11.725629807692, -40.983596153846, 23.194360576923
D49_j1_D14-D14_j1_D79, -12.919073576608, 44.085689171520, 10.081059384286, D49_j1_D14, -19.670351955307, -41.495284916201, 16.937715083799, 19.670351955307, 41.495284916201, -16.937715083799, -0.624137007996, -0.437752180353, 0.647167693760, -0.781303893278, 0.354083681721, -0.513993164048, -0.004149891449, -0.826436794277, -0.563014212490, 40.643486033520, 10.402955307263, -10.076262569832, D14_j1_D79, -32.589425531915, 2.590404255319, 27.018774468085, 32.589425531915, -2.590404255319, -27.018774468085, 0.832160438700, -0.215774764867, 0.510832903315, 0.238212826326, 0.970962018926, 0.022077300025, -0.500763071358, 0.103315094005, 0.859396496220, -20.770004255319, -33.872974468085, 17.193987234043
D49_j1_D14-D14_j1_D81, -20.931634026001, 41.236041925547, 9.352817626481, D49_j1_D14, -19.670351955307, -41.495284916201, 16.937715083799, 19.670351955307, 41.495284916201, -16.937715083799, -0.624137007996, -0.437752180353, 0.647167693760, -0.781303893278, 0.354083681721, -0.513993164048, -0.004149891449, -0.826436794277, -0.563014212490, 40.643486033520, 10.402955307263, -10.076262569832, D14_j1_D81, -40.601985981308, -0.259242990654, 26.290532710280, 40.601985981308, 0.259242990654, -26.290532710280, 0.807678216656, -0.195961139643, 0.556107121056, 0.264485222130, 0.963354843479, -0.044665566386, -0.526975773271, 0.183157520445, 0.829909547535, -26.561836448598, -39.190467289720, 22.220285046729
D49_j1_D14-D14_j2_D14, -2.103058301103, 34.605782352099, 10.249715685432, D49_j1_D14, -19.670351955307, -41.495284916201, 16.937715083799, 19.670351955307, 41.495284916201, -16.937715083799, -0.624137007996, -0.437752180353, 0.647167693760, -0.781303893278, 0.354083681721, -0.513993164048, -0.004149891449, -0.826436794277, -0.563014212490, 40.643486033520, 10.402955307263, -10.076262569832, D14_j2_D14, -21.773410256410, -6.889502564103, 27.187430769231, 21.773410256410, 6.889502564103, -27.187430769231, 0.154472345749, 0.801085225695, -0.578273945091, 0.248958408290, -0.597973177847, -0.761871242086, -0.956116104530, -0.026278123002, -0.291807222170, 7.985220512821, -63.637625641026, 12.023174358974
D49_j1_D14-D14_j2_D54, -15.551041661714, 38.903582788542, 13.928343426839, D49_j1_D14, -19.670351955307, -41.495284916201, 16.937715083799, 19.670351955307, 41.495284916201, -16.937715083799, -0.624137007996, -0.437752180353, 0.647167693760, -0.781303893278, 0.354083681721, -0.513993164048, -0.004149891449, -0.826436794277, -0.563014212490, 40.643486033520, 10.402955307263, -10.076262569832, D14_j2_D54, -35.221393617021, -2.591702127660, 30.866058510638, 35.221393617021, 2.591702127660, -30.866058510638, 0.879798185946, -0.187208998342, 0.436930135086, 0.246939588400, 0.965419070735, -0.083587424549, -0.406172366967, 0.181435412204, 0.895603260105, -20.319632978723, -40.158345744681, 22.093808510638
D49_j1_D14-D14_j2_D71, -18.652859867353, 40.441945014723, 0.669299694526, D49_j1_D14, -19.670351955307, -41.495284916201, 16.937715083799, 19.670351955307, 41.495284916201, -16.937715083799, -0.624137007996, -0.437752180353, 0.647167693760, -0.781303893278, 0.354083681721, -0.513993164048, -0.004149891449, -0.826436794277, -0.563014212490, 40.643486033520, 10.402955307263, -10.076262569832, D14_j2_D71, -38.323211822660, -1.053339901478, 17.607014778325, 38.323211822660, 1.053339901478, -17.607014778325, 0.810222506284, -0.039494037913, 0.584790313942, 0.154803423651, 0.976718447712, -0.148515904618, -0.565309994903, 0.210858471179, 0.797473080922, -26.701487684729, -36.139817733990, 15.427748768473
D49_j1_D14-D14_j2_D79, -20.632529901233, 38.807736392994, 6.013310232657, D49_j1_D14, -19.670351955307, -41.495284916201, 16.937715083799, 19.670351955307, 41.495284916201, -16.937715083799, -0.624137007996, -0.437752180353, 0.647167693760, -0.781303893278, 0.354083681721, -0.513993164048, -0.004149891449, -0.826436794277, -0.563014212490, 40.643486033520, 10.402955307263, -10.076262569832, D14_j2_D79, -40.302881856540, -2.687548523207, 22.951025316456, 40.302881856540, 2.687548523207, -22.951025316456, 0.822231775187, -0.108573732047, 0.558700861448, 0.188274797779, 0.978257700782, -0.086973969571, -0.537110331678, 0.176702053103, 0.824796263349, -26.189940928270, -39.419105485232, 19.213168776371
D49_j1_D14-D14_j3_D54, -17.515086547367, 38.549985450960, 4.193739461656, D49_j1_D14, -19.670351955307, -41.495284916201, 16.937715083799, 19.670351955307, 41.495284916201, -16.937715083799, -0.624137007996, -0.437752180353, 0.647167693760, -0.781303893278, 0.354083681721, -0.513993164048, -0.004149891449, -0.826436794277, -0.563014212490, 40.643486033520, 10.402955307263, -10.076262569832, D14_j3_D54, -37.185438502674, -2.945299465241, 21.131454545455, 37.185438502674, 2.945299465241, -21.131454545455, 0.480510146303, 0.739813576657, 0.470941473108, 0.111485127300, 0.481112200650, -0.869541325514, -0.869874166584, 0.470326399619, 0.148701083151, -2.898133689840, -40.214534759358, 32.100278074866
D49_j1_D14-D14_j4_D79, -6.301758682991, 44.717876405563, 6.661965767265, D49_j1_D14, -19.670351955307, -41.495284916201, 16.937715083799, 19.670351955307, 41.495284916201, -16.937715083799, -0.624137007996, -0.437752180353, 0.647167693760, -0.781303893278, 0.354083681721, -0.513993164048, -0.004149891449, -0.826436794277, -0.563014212490, 40.643486033520, 10.402955307263, -10.076262569832, D14_j4_D79, -25.972110638298, 3.222591489362, 23.599680851064, 25.972110638298, -3.222591489362, -23.599680851064, 0.708349883294, 0.337049367590, 0.620192040133, 0.079838838780, 0.834735381734, -0.544832636966, -0.701331735101, 0.435447547115, 0.564375080113, -3.722425531915, -31.510489361702, 21.923136170213
D49_j1_D14-D14_j5_D79, -13.306466226511, 41.819616734383, 12.527803098019, D49_j1_D14, -19.670351955307, -41.495284916201, 16.937715083799, 19.670351955307, 41.495284916201, -16.937715083799, -0.624137007996, -0.437752180353, 0.647167693760, -0.781303893278, 0.354083681721, -0.513993164048, -0.004149891449, -0.826436794277, -0.563014212490, 40.643486033520, 10.402955307263, -10.076262569832, D14_j5_D79, -32.976818181818, 0.324331818182, 29.465518181818, 32.976818181818, -0.324331818182, -29.465518181818, 0.814028764124, -0.165358884002, 0.556788658882, 0.267916135400, 0.957443223004, -0.107347189609, -0.515342716617, 0.236556365812, 0.823688636697, -18.125145454545, -37.258195454545, 22.006972727273
D49_j1_D79-D79, -14.127856547619, 31.249463690476, -7.140845833333, D49_j1_D79, 34.707419047619, 16.403080952381, -7.704895238095, -34.707419047619, -16.403080952381, 7.704895238095, 1.000000000000, 0.000000000000, -0.000000000000, -0.000000000000, 1.000000000000, 0.000000000000, 0.000000000000, 0.000000000000, 1.000000000000, 34.707419047619, 16.403080952381, -7.704895238095, D79, 20.579562500000, 47.652544642857, -14.845741071429, -20.579562500000, -47.652544642857, 14.845741071429, -0.820582815715, -0.521449774362, 0.233952934095, -0.206946961330, 0.652662720416, 0.728837655844, -0.532744589601, 0.549655807026, -0.643476259121, 15.331348214286, 16.035866071429, 27.893160714286
D49_j1_D79-D79_j1_D54, -19.052869111969, -7.336884684685, 34.614070141570, D49_j1_D79, 22.805495238095, 15.502366666667, 18.000119047619, -22.805495238095, -15.502366666667, -18.000119047619, -0.358754649816, -0.541206351292, -0.760520076367, -0.887450104604, -0.054808243714, 0.457633443117, -0.289356895674, 0.839101746955, -0.460630920786, 34.707419047619, 16.403080952381, -7.704895238095, D79_j1_D54, 3.752626126126, 8.165481981982, 52.614189189189, -3.752626126126, -8.165481981982, -52.614189189189, -0.129617401700, 0.747146768121, 0.651898025816, -0.990703512192, -0.070197395468, -0.116528436876, -0.041302301483, -0.660941776979, 0.749299731307, 20.412468468468, 2.515824324324, 18.469081081081
D49_j1_D79-D79_j2_D14, -16.596447619048, -4.562276190476, 36.306361904762, D49_j1_D79, 22.805495238095, 15.502366666667, 18.000119047619, -22.805495238095, -15.502366666667, -18.000119047619, -0.358754649816, -0.541206351292, -0.760520076367, -0.887450104604, -0.054808243714, 0.457633443117, -0.289356895674, 0.839101746955, -0.460630920786, 34.707419047619, 16.403080952381, -7.704895238095, D79_j2_D14, 6.209047619048, 10.940090476190, 54.306480952381, -6.209047619048, -10.940090476190, -54.306480952381, -0.174305374137, 0.747897643669, 0.640520687520, -0.984227601394, -0.112359235401, -0.136643444313, -0.030226895316, -0.654235826605, 0.755686322481, 23.595504761905, -0.293438095238, 18.533347619048
D49_j1_D81-D81, 17.527696475351, 7.670710089704, -8.537517821704, D49_j1_D81, 39.406171945701, 10.432728506787, -13.814990950226, -39.406171945701, -10.432728506787, 13.814990950226, 1.000000000000, 0.000000000000, -0.000000000000, 0.000000000000, 1.000000000000, -0.000000000000, 0.000000000000, 0.000000000000, 1.000000000000, 39.406171945701, 10.432728506787, -13.814990950226, D81, 56.933868421053, 18.103438596491, -22.352508771930, -56.933868421053, -18.103438596491, 22.352508771930, -0.900773604047, 0.433171675194, 0.031132202965, 0.406804107501, 0.866692491762, -0.288711868206, -0.152043850161, -0.247399322013, -0.956909736127, 1.263035087719, 16.051289473684, 1.472026315789
D4_j1_D64-D64, -20.614783165360, 19.898251175812, -9.976814035088, D4_j1_D64, -20.818365957447, -63.943961702128, 12.943200000000, 20.818365957447, 63.943961702128, -12.943200000000, 1.000000000000, 0.000000000000, -0.000000000000, -0.000000000000, 1.000000000000, -0.000000000000, 0.000000000000, 0.000000000000, 1.000000000000, -20.818365957447, -63.943961702128, 12.943200000000, D64, -41.433149122807, -44.045710526316, 2.966385964912, 41.433149122807, 44.045710526316, -2.966385964912, -0.041367398047, -0.867226427042, 0.496192566065, -0.973642749330, -0.076495396787, -0.214867984931, 0.224295642082, -0.492002823681, -0.841204307189, -2.142710526316, 22.983192982456, -6.752894736842
D53-D53, -10.654453488372, 21.899302325581, 1.261686046512, D53, 33.480058139535, 30.038000000000, -3.748581395349, -33.480058139535, -30.038000000000, 3.748581395349, 1.000000000000, 0.000000000000, -0.000000000000, 0.000000000000, 1.000000000000, -0.000000000000, 0.000000000000, 0.000000000000, 1.000000000000, 33.480058139535, 30.038000000000, -3.748581395349, D53, 22.825604651163, 51.937302325581, -2.486895348837, -22.825604651163, -51.937302325581, 2.486895348837, 0.832807186802, 0.239395830107, -0.499121053591, -0.223760785141, 0.970289519062, 0.092029127080, 0.506323316314, 0.035041200405, 0.861631483658, 33.480058139535, 30.038000000000, -3.748581395349
D53-D53_j1_D4, -14.698894677996, 32.149947115385, 11.391768895349, D53, 33.480058139535, 30.038000000000, -3.748581395349, -33.480058139535, -30.038000000000, 3.748581395349, 1.000000000000, 0.000000000000, -0.000000000000, 0.000000000000, 1.000000000000, -0.000000000000, 0.000000000000, 0.000000000000, 1.000000000000, 33.480058139535, 30.038000000000, -3.748581395349, D53_j1_D4, 18.781163461538, 62.187947115385, 7.643187500000, -18.781163461538, -62.187947115385, -7.643187500000, 0.329087407601, 0.312904726369, -0.890950116659, -0.361182714806, 0.913469498445, 0.187404700947, 0.872495572874, 0.260123254684, 0.413627087711, 29.762423076923, 18.631009615385, 3.335932692308
D53-D53_j1_D79, -21.467017816954, 35.338193548387, -1.110898443361, D53, 33.480058139535, 30.038000000000, -3.748581395349, -33.480058139535, -30.038000000000, 3.748581395349, 1.000000000000, 0.000000000000, -0.000000000000, 0.000000000000, 1.000000000000, -0.000000000000, 0.000000000000, 0.000000000000, 1.000000000000, 33.480058139535, 30.038000000000, -3.748581395349, D53_j1_D79, 12.013040322581, 65.376193548387, -4.859479838710, -12.013040322581, -65.376193548387, 4.859479838710, 0.379862108798, 0.248567771041, -0.891021235156, -0.438768862892, 0.896388232673, 0.063008104897, 0.814362734447, 0.367017982564, 0.449567722616, 36.267258064516, 22.457395161290, -2.597399193548
D53_j1_D4-D4, -18.280133076923, 6.100760384615, 17.181817307692, D53_j1_D4, 29.762423076923, 18.631009615385, 3.335932692308, -29.762423076923, -18.631009615385, -3.335932692308, 1.000000000000, -0.000000000000, 0.000000000000, 0.000000000000, 1.000000000000, 0.000000000000, -0.000000000000, 0.000000000000, 1.000000000000, 29.762423076923, 18.631009615385, 3.335932692308, D4, 11.482290000000, 24.731770000000, 20.517750000000, -11.482290000000, -24.731770000000, -20.517750000000, 0.495726438858, 0.801243624314, -0.335058132737, 0.806679058774, -0.281874694885, 0.519437727277, 0.321751758275, -0.527783393902, -0.786079191410, -22.876200000000, -67.201200000000, 6.399470000000
D53_j1_D4-D4_j1_D64, -18.362894333061, -12.852392860065, -26.828443432897, D53_j1_D4, -21.574956730769, -71.662802884615, 18.106081730769, 21.574956730769, 71.662802884615, -18.106081730769, 0.014858802054, 0.656714322704, 0.753993046624, 0.329724906309, 0.708678377503, -0.623743892491, -0.943960116827, 0.257878373687, -0.206004956794, 29.762423076923, 18.631009615385, 3.335932692308, D4_j1_D64, -39.937851063830, -84.515195744681, -8.722361702128, 39.937851063830, 84.515195744681, 8.722361702128, -0.116129973649, 0.900433406249, 0.419205808800, -0.264466361300, -0.434857236890, 0.860788433511, 0.957377340948, -0.010902496788, 0.288634306004, -20.818365957447, -63.943961702128, 12.943200000000
D53_j1_D79-D79, -3.244266993088, 33.470372695853, 5.201318836406, D53_j1_D79, 36.267258064516, 22.457395161290, -2.597399193548, -36.267258064516, -22.457395161290, 2.597399193548, 1.000000000000, -0.000000000000, -0.000000000000, 0.000000000000, 1.000000000000, 0.000000000000, -0.000000000000, 0.000000000000, 1.000000000000, 36.267258064516, 22.457395161290, -2.597399193548, D79, 33.022991071429, 55.927767857143, 2.603919642857, -33.022991071429, -55.927767857143, -2.603919642857, 0.503761697023, 0.276178503558, -0.818504481836, -0.806214739377, 0.490591036105, -0.330663317146, 0.310228861689, 0.826465891290, 0.469800153160, 15.331348214286, 16.035866071429, 27.893160714286
D53_j1_D79-D79_j1_D54, -11.754446454519, -1.324405114792, 37.028923060157, D53_j1_D79, 15.507072580645, 9.489887096774, 15.585266129032, -15.507072580645, -9.489887096774, -15.585266129032, 0.890181507804, -0.304906537382, 0.338539342803, -0.252083034624, 0.289336482721, 0.923438435101, -0.379514198442, -0.907367843395, 0.180700221231, 36.267258064516, 22.457395161290, -2.597399193548, D79_j1_D54, 3.752626126126, 8.165481981982, 52.614189189189, -3.752626126126, -8.165481981982, -52.614189189189, -0.129617401700, 0.747146768121, 0.651898025816, -0.990703512192, -0.070197395468, -0.116528436876, -0.041302301483, -0.660941776979, 0.749299731307, 20.412468468468, 2.515824324324, 18.469081081081
D53_j1_D79-D79_j2_D14, -9.298024961598, 1.450203379416, 38.721214823349, D53_j1_D79, 15.507072580645, 9.489887096774, 15.585266129032, -15.507072580645, -9.489887096774, -15.585266129032, 0.890181507804, -0.304906537382, 0.338539342803, -0.252083034624, 0.289336482721, 0.923438435101, -0.379514198442, -0.907367843395, 0.180700221231, 36.267258064516, 22.457395161290, -2.597399193548, D79_j2_D14, 6.209047619048, 10.940090476190, 54.306480952381, -6.209047619048, -10.940090476190, -54.306480952381, -0.174305374137, 0.747897643669, 0.640520687520, -0.984227601394, -0.112359235401, -0.136643444313, -0.030226895316, -0.654235826605, 0.755686322481, 23.595504761905, -0.293438095238, 18.533347619048
D54-D54, -4.018767441860, 14.349093023256, -12.008500000000, D54, 33.721034883721, 18.395534883721, -11.937872093023, -33.721034883721, -18.395534883721, 11.937872093023, 1.000000000000, -0.000000000000, 0.000000000000, 0.000000000000, 1.000000000000, 0.000000000000, 0.000000000000, -0.000000000000, 1.000000000000, 33.721034883721, 18.395534883721, -11.937872093023, D54, 29.702267441860, 32.744627906977, -23.946372093023, -29.702267441860, -32.744627906977, 23.946372093023, 0.869387384209, 0.413720586195, 0.270186699777, -0.397974082127, 0.910360084552, -0.113406994540, -0.292885995113, -0.008932693513, 0.956105643145, 33.721034883721, 18.395534883721, -11.937872093023
D54-D54_j1_D79, -3.243066415252, 26.175532683847, -19.496114393463, D54, 33.721034883721, 18.395534883721, -11.937872093023, -33.721034883721, -18.395534883721, 11.937872093023, 1.000000000000, -0.000000000000, 0.000000000000, 0.000000000000, 1.000000000000, 0.000000000000, 0.000000000000, -0.000000000000, 1.000000000000, 33.721034883721, 18.395534883721, -11.937872093023, D54_j1_D79, 30.477968468468, 44.571067567568, -31.433986486486, -30.477968468468, -44.571067567568, 31.433986486486, 0.538356785605, 0.760770852200, 0.362490940351, -0.546947176950, 0.642671457774, -0.536490617802, -0.641109005568, 0.090559968012, 0.762088010123, 41.231202702703, 11.485450450450, -3.431445945946
D54_j1_D79-D79, 20.124886583012, 24.488228120978, -12.752759411197, D54_j1_D79, 41.231202702703, 11.485450450450, -3.431445945946, -41.231202702703, -11.485450450450, 3.431445945946, 1.000000000000, -0.000000000000, 0.000000000000, 0.000000000000, 1.000000000000, -0.000000000000, -0.000000000000, 0.000000000000, 1.000000000000, 41.231202702703, 11.485450450450, -3.431445945946, D79, 61.356089285714, 35.973678571429, -16.184205357143, -61.356089285714, -35.973678571429, 16.184205357143, 0.484310412148, -0.200448568775, 0.851624210530, 0.811612639228, -0.260540352775, -0.522880147282, 0.326693049407, 0.944425272773, 0.036504186299, 15.331348214286, 16.035866071429, 27.893160714286
D54_j1_D79-D79_j1_D54, -17.735896396396, -8.112509009009, 34.473022522523, D54_j1_D79, 21.488522522523, 16.277990990991, 18.141166666667, -21.488522522523, -16.277990990991, -18.141166666667, -0.283179240897, 0.790176801368, 0.543534856384, -0.056027689287, -0.579394873208, 0.813118982027, 0.957429065549, 0.199805414039, 0.208344380683, 41.231202702703, 11.485450450450, -3.431445945946, D79_j1_D54, 3.752626126126, 8.165481981982, 52.614189189189, -3.752626126126, -8.165481981982, -52.614189189189, -0.129617401700, 0.747146768121, 0.651898025816, -0.990703512192, -0.070197395468, -0.116528436876, -0.041302301483, -0.660941776979, 0.749299731307, 20.412468468468, 2.515824324324, 18.469081081081
D54_j1_D79-D79_j2_D14, -15.279474903475, -5.337900514801, 36.165314285714, D54_j1_D79, 21.488522522523, 16.277990990991, 18.141166666667, -21.488522522523, -16.277990990991, -18.141166666667, -0.283179240897, 0.790176801368, 0.543534856384, -0.056027689287, -0.579394873208, 0.813118982027, 0.957429065549, 0.199805414039, 0.208344380683, 41.231202702703, 11.485450450450, -3.431445945946, D79_j2_D14, 6.209047619048, 10.940090476190, 54.306480952381, -6.209047619048, -10.940090476190, -54.306480952381, -0.174305374137, 0.747897643669, 0.640520687520, -0.984227601394, -0.112359235401, -0.136643444313, -0.030226895316, -0.654235826605, 0.755686322481, 23.595504761905, -0.293438095238, 18.533347619048
D64-D64, -21.141587719298, -3.224140350877, -4.968728070175, D64, -2.142710526316, 22.983192982456, -6.752894736842, 2.142710526316, -22.983192982456, 6.752894736842, 1.000000000000, 0.000000000000, -0.000000000000, 0.000000000000, 1.000000000000, -0.000000000000, 0.000000000000, 0.000000000000, 1.000000000000, -2.142710526316, 22.983192982456, -6.752894736842, D64, -23.284298245614, 19.759052631579, -11.721622807018, 23.284298245614, -19.759052631579, 11.721622807018, 0.842125409876, 0.448362157900, -0.299660089776, -0.536620737436, 0.751825826962, -0.383139804858, 0.053506805120, 0.483455583561, 0.873732064496, -2.142710526316, 22.983192982456, -6.752894736842
D71-D71, -16.015300000000, 14.361380000000, 3.289100000000, D71, 25.200610000000, 25.495290000000, 7.951750000000, -25.200610000000, -25.495290000000, -7.951750000000, 1.000000000000, -0.000000000000, -0.000000000000, 0.000000000000, 1.000000000000, 0.000000000000, 0.000000000000, 0.000000000000, 1.000000000000, 25.200610000000, 25.495290000000, 7.951750000000, D71, 9.185310000000, 39.856670000000, 11.240850000000, -9.185310000000, -39.856670000000, -11.240850000000, 0.910810504759, 0.409286369096, -0.053934149603, -0.412409346343, 0.896236418002, -0.163336505708, -0.018513656314, 0.171011552592, 0.985095068209, 25.200610000000, 25.495290000000, 7.951750000000
D76-D76, -2.492090909091, 9.054418181818, 19.473336363636, D76, 25.935400000000, 17.910454545455, 15.244009090909, -25.935400000000, -17.910454545455, -15.244009090909, 1.000000000000, -0.000000000000, 0.000000000000, -0.000000000000, 1.000000000000, 0.000000000000, -0.000000000000, -0.000000000000, 1.000000000000, 25.935400000000, 17.910454545455, 15.244009090909, D76, 23.443309090909, 26.964872727273, 34.717345454545, -23.443309090909, -26.964872727273, -34.717345454545, 0.901648870976, 0.423766453487, 0.086320949755, -0.430689711645, 0.861784025140, 0.268019899068, 0.039187826558, -0.278837384353, 0.959538444950, 25.935400000000, 17.910454545455, 15.244009090909
D79-D79, -13.123616071429, -0.592062500000, 18.441508928571, D79, 15.331348214286, 16.035866071429, 27.893160714286, -15.331348214286, -16.035866071429, -27.893160714286, 1.000000000000, 0.000000000000, -0.000000000000, -0.000000000000, 1.000000000000, 0.000000000000, 0.000000000000, 0.000000000000, 1.000000000000, 15.331348214286, 16.035866071429, 27.893160714286, D79, 2.207732142857, 15.443803571429, 46.334669642857, -2.207732142857, -15.443803571429, -46.334669642857, 0.689452126769, 0.668994876282, 0.277671785390, -0.715856725658, 0.687799055621, 0.120339550514, -0.110475849056, -0.281741574133, 0.953109003305, 15.331348214286, 16.035866071429, 27.893160714286
D79-D79_j1_D54, -11.578722088160, -7.870384089447, 24.721028474903, D79, 15.331348214286, 16.035866071429, 27.893160714286, -15.331348214286, -16.035866071429, -27.893160714286, 1.000000000000, 0.000000000000, -0.000000000000, -0.000000000000, 1.000000000000, 0.000000000000, 0.000000000000, 0.000000000000, 1.000000000000, 15.331348214286, 16.035866071429, 27.893160714286, D79_j1_D54, 3.752626126126, 8.165481981982, 52.614189189189, -3.752626126126, -8.165481981982, -52.614189189189, -0.129617401700, 0.747146768121, 0.651898025816, -0.990703512192, -0.070197395468, -0.116528436876, -0.041302301483, -0.660941776979, 0.749299731307, 20.412468468468, 2.515824324324, 18.469081081081
D79-D79_j2_D14, -9.122300595238, -5.095775595238, 26.413320238095, D79, 15.331348214286, 16.035866071429, 27.893160714286, -15.331348214286, -16.035866071429, -27.893160714286, 1.000000000000, 0.000000000000, -0.000000000000, -0.000000000000, 1.000000000000, 0.000000000000, 0.000000000000, 0.000000000000, 1.000000000000, 15.331348214286, 16.035866071429, 27.893160714286, D79_j2_D14, 6.209047619048, 10.940090476190, 54.306480952381, -6.209047619048, -10.940090476190, -54.306480952381, -0.174305374137, 0.747897643669, 0.640520687520, -0.984227601394, -0.112359235401, -0.136643444313, -0.030226895316, -0.654235826605, 0.755686322481, 23.595504761905, -0.293438095238, 18.533347619048
D79_j1_D54-D54, -9.582003352189, -16.453033626650, 23.811325895663, D79_j1_D54, 20.412468468468, 2.515824324324, 18.469081081081, -20.412468468468, -2.515824324324, -18.469081081081, 1.000000000000, -0.000000000000, 0.000000000000, 0.000000000000, 1.000000000000, 0.000000000000, -0.000000000000, 0.000000000000, 1.000000000000, 20.412468468468, 2.515824324324, 18.469081081081, D54, 10.830465116279, -13.937209302326, 42.280406976744, -10.830465116279, 13.937209302326, -42.280406976744, 0.093048456090, 0.706592877772, 0.701475936794, 0.209656286456, -0.702640781558, 0.679956008607, 0.973337673353, 0.083799983136, -0.213521278699, 33.721034883721, 18.395534883721, -11.937872093023
D79_j1_D54-D54_j1_D79, -1.205333333333, 37.134067567568, -24.372436936937, D79_j1_D54, 31.683301801802, 7.437000000000, -7.061549549550, -31.683301801802, -7.437000000000, 7.061549549550, -0.287625270940, 0.220665226940, 0.931975622608, 0.869390898731, -0.348069741759, 0.350723423904, 0.401784978216, 0.911128043960, -0.091730686188, 20.412468468468, 2.515824324324, 18.469081081081, D54_j1_D79, 30.477968468468, 44.571067567568, -31.433986486486, -30.477968468468, -44.571067567568, 31.433986486486, 0.538356785605, 0.760770852200, 0.362490940351, -0.546947176950, 0.642671457774, -0.536490617802, -0.641109005568, 0.090559968012, 0.762088010123, 41.231202702703, 11.485450450450, -3.431445945946
D79_j2_D14-D14, -3.135442261905, -17.612799404762, 28.507102380952, D79_j2_D14, 23.595504761905, -0.293438095238, 18.533347619048, -23.595504761905, 0.293438095238, -18.533347619048, 1.000000000000, 0.000000000000, 0.000000000000, 0.000000000000, 1.000000000000, -0.000000000000, 0.000000000000, -0.000000000000, 1.000000000000, 23.595504761905, -0.293438095238, 18.533347619048, D14, 20.460062500000, -17.906237500000, 47.040450000000, -20.460062500000, 17.906237500000, -47.040450000000, -0.776186838884, -0.053184955638, -0.628255801117, -0.335359484743, -0.808969066156, 0.482807483367, -0.533917603321, 0.585440356054, 0.610075062896, -26.097512500000, -31.947375000000, 17.698987500000
D79_j2_D14-D14_j1_D14, -8.554600693946, 40.931754893515, 13.636899521417, D79_j2_D14, -20.380776190476, -44.380252380952, 17.169909523810, 20.380776190476, 44.380252380952, -17.169909523810, -0.648489246754, -0.192914386543, -0.736373367463, -0.357959715251, -0.776444798560, 0.518650476763, -0.671808409520, 0.599931257940, 0.434460523690, 23.595504761905, -0.293438095238, 18.533347619048, D14_j1_D14, -28.935376884422, -3.448497487437, 30.806809045226, 28.935376884422, 3.448497487437, -30.806809045226, 0.788699540685, 0.034068239743, 0.613834171063, 0.180352858156, 0.941710646433, -0.283996311508, -0.587729428460, 0.334694507627, 0.736582449890, -9.827236180905, -39.483653266332, 22.674834170854
D79_j2_D14-D14_j1_D18, -17.778938095238, 42.312332738095, 11.215563690476, D79_j2_D14, -20.380776190476, -44.380252380952, 17.169909523810, 20.380776190476, 44.380252380952, -17.169909523810, -0.648489246754, -0.192914386543, -0.736373367463, -0.357959715251, -0.776444798560, 0.518650476763, -0.671808409520, 0.599931257940, 0.434460523690, 23.595504761905, -0.293438095238, 18.533347619048, D14_j1_D18, -38.159714285714, -2.067919642857, 28.385473214286, 38.159714285714, 2.067919642857, -28.385473214286, 0.871519596346, -0.293311398162, 0.392965668847, 0.275810120786, 0.955813495127, 0.101731705011, -0.405440958040, 0.019722734103, 0.913908443611, -25.677696428571, -41.623718750000, 17.446620535714
D79_j2_D14-D14_j1_D54, -16.016593975270, 41.142313154433, 12.751433017627, D79_j2_D14, -20.380776190476, -44.380252380952, 17.169909523810, 20.380776190476, 44.380252380952, -17.169909523810, -0.648489246754, -0.192914386543, -0.736373367463, -0.357959715251, -0.776444798560, 0.518650476763, -0.671808409520, 0.599931257940, 0.434460523690, 23.595504761905, -0.293438095238, 18.533347619048, D14_j1_D54, -36.397370165746, -3.237939226519, 29.921342541436, 36.397370165746, 3.237939226519, -29.921342541436, 0.831844392164, -0.077139983517, 0.549621988432, 0.208195451630, 0.961348981484, -0.180174331470, -0.514479893820, 0.264305805353, 0.815752952867, -18.709817679558, -40.302110497238, 24.203790055249
D79_j2_D14-D14_j1_D76, -9.775661309524, 39.890939880952, 14.648306822344, D79_j2_D14, -20.380776190476, -44.380252380952, 17.169909523810, 20.380776190476, 44.380252380952, -17.169909523810, -0.648489246754, -0.192914386543, -0.736373367463, -0.357959715251, -0.776444798560, 0.518650476763, -0.671808409520, 0.599931257940, 0.434460523690, 23.595504761905, -0.293438095238, 18.533347619048, D14_j1_D76, -30.156437500000, -4.489312500000, 31.818216346154, 30.156437500000, 4.489312500000, -31.818216346154, 0.815294923932, -0.041111351756, 0.577584663723, 0.206721421670, 0.952410796068, -0.224008770712, -0.540888566004, 0.302032336497, 0.784994284614, -11.725629807692, -40.983596153846, 23.194360576923
D79_j2_D14-D14_j1_D79, -12.208649341439, 46.970656636271, 9.848864944276, D79_j2_D14, -20.380776190476, -44.380252380952, 17.169909523810, 20.380776190476, 44.380252380952, -17.169909523810, -0.648489246754, -0.192914386543, -0.736373367463, -0.357959715251, -0.776444798560, 0.518650476763, -0.671808409520, 0.599931257940, 0.434460523690, 23.595504761905, -0.293438095238, 18.533347619048, D14_j1_D79, -32.589425531915, 2.590404255319, 27.018774468085, 32.589425531915, -2.590404255319, -27.018774468085, 0.832160438700, -0.215774764867, 0.510832903315, 0.238212826326, 0.970962018926, 0.022077300025, -0.500763071358, 0.103315094005, 0.859396496220, -20.770004255319, -33.872974468085, 17.193987234043
D79_j2_D14-D14_j1_D81, -20.221209790832, 44.121009390298, 9.120623186471, D79_j2_D14, -20.380776190476, -44.380252380952, 17.169909523810, 20.380776190476, 44.380252380952, -17.169909523810, -0.648489246754, -0.192914386543, -0.736373367463, -0.357959715251, -0.776444798560, 0.518650476763, -0.671808409520, 0.599931257940, 0.434460523690, 23.595504761905, -0.293438095238, 18.533347619048, D14_j1_D81, -40.601985981308, -0.259242990654, 26.290532710280, 40.601985981308, 0.259242990654, -26.290532710280, 0.807678216656, -0.195961139643, 0.556107121056, 0.264485222130, 0.963354843479, -0.044665566386, -0.526975773271, 0.183157520445, 0.829909547535, -26.561836448598, -39.190467289720, 22.220285046729
D79_j2_D14-D14_j2_D14, -1.392634065934, 37.490749816850, 10.017521245421, D79_j2_D14, -20.380776190476, -44.380252380952, 17.169909523810, 20.380776190476, 44.380252380952, -17.169909523810, -0.648489246754, -0.192914386543, -0.736373367463, -0.357959715251, -0.776444798560, 0.518650476763, -0.671808409520, 0.599931257940, 0.434460523690, 23.595504761905, -0.293438095238, 18.533347619048, D14_j2_D14, -21.773410256410, -6.889502564103, 27.187430769231, 21.773410256410, 6.889502564103, -27.187430769231, 0.154472345749, 0.801085225695, -0.578273945091, 0.248958408290, -0.597973177847, -0.761871242086, -0.956116104530, -0.026278123002, -0.291807222170, 7.985220512821, -63.637625641026, 12.023174358974
D79_j2_D14-D14_j2_D54, -14.840617426545, 41.788550253293, 13.696148986829, D79_j2_D14, -20.380776190476, -44.380252380952, 17.169909523810, 20.380776190476, 44.380252380952, -17.169909523810, -0.648489246754, -0.192914386543, -0.736373367463, -0.357959715251, -0.776444798560, 0.518650476763, -0.671808409520, 0.599931257940, 0.434460523690, 23.595504761905, -0.293438095238, 18.533347619048, D14_j2_D54, -35.221393617021, -2.591702127660, 30.866058510638, 35.221393617021, 2.591702127660, -30.866058510638, 0.879798185946, -0.187208998342, 0.436930135086, 0.246939588400, 0.965419070735, -0.083587424549, -0.406172366967, 0.181435412204, 0.895603260105, -20.319632978723, -40.158345744681, 22.093808510638
D79_j2_D14-D14_j2_D71, -17.942435632184, 43.326912479475, 0.437105254516, D79_j2_D14, -20.380776190476, -44.380252380952, 17.169909523810, 20.380776190476, 44.380252380952, -17.169909523810, -0.648489246754, -0.192914386543, -0.736373367463, -0.357959715251, -0.776444798560, 0.518650476763, -0.671808409520, 0.599931257940, 0.434460523690, 23.595504761905, -0.293438095238, 18.533347619048, D14_j2_D71, -38.323211822660, -1.053339901478, 17.607014778325, 38.323211822660, 1.053339901478, -17.607014778325, 0.810222506284, -0.039494037913, 0.584790313942, 0.154803423651, 0.976718447712, -0.148515904618, -0.565309994903, 0.210858471179, 0.797473080922, -26.701487684729, -36.139817733990, 15.427748768473
D79_j2_D14-D14_j2_D79, -19.922105666064, 41.692703857746, 5.781115792646, D79_j2_D14, -20.380776190476, -44.380252380952, 17.169909523810, 20.380776190476, 44.380252380952, -17.169909523810, -0.648489246754, -0.192914386543, -0.736373367463, -0.357959715251, -0.776444798560, 0.518650476763, -0.671808409520, 0.599931257940, 0.434460523690, 23.595504761905, -0.293438095238, 18.533347619048, D14_j2_D79, -40.302881856540, -2.687548523207, 22.951025316456, 40.302881856540, 2.687548523207, -22.951025316456, 0.822231775187, -0.108573732047, 0.558700861448, 0.188274797779, 0.978257700782, -0.086973969571, -0.537110331678, 0.176702053103, 0.824796263349, -26.189940928270, -39.419105485232, 19.213168776371
D79_j2_D14-D14_j3_D54, -16.804662312198, 41.434952915712, 3.961545021645, D79_j2_D14, -20.380776190476, -44.380252380952, 17.169909523810, 20.380776190476, 44.380252380952, -17.169909523810, -0.648489246754, -0.192914386543, -0.736373367463, -0.357959715251, -0.776444798560, 0.518650476763, -0.671808409520, 0.599931257940, 0.434460523690, 23.595504761905, -0.293438095238, 18.533347619048, D14_j3_D54, -37.185438502674, -2.945299465241, 21.131454545455, 37.185438502674, 2.945299465241, -21.131454545455, 0.480510146303, 0.739813576657, 0.470941473108, 0.111485127300, 0.481112200650, -0.869541325514, -0.869874166584, 0.470326399619, 0.148701083151, -2.898133689840, -40.214534759358, 32.100278074866
D79_j2_D14-D14_j4_D79, -5.591334447822, 47.602843870314, 6.429771327254, D79_j2_D14, -20.380776190476, -44.380252380952, 17.169909523810, 20.380776190476, 44.380252380952, -17.169909523810, -0.648489246754, -0.192914386543, -0.736373367463, -0.357959715251, -0.776444798560, 0.518650476763, -0.671808409520, 0.599931257940, 0.434460523690, 23.595504761905, -0.293438095238, 18.533347619048, D14_j4_D79, -25.972110638298, 3.222591489362, 23.599680851064, 25.972110638298, -3.222591489362, -23.599680851064, 0.708349883294, 0.337049367590, 0.620192040133, 0.079838838780, 0.834735381734, -0.544832636966, -0.701331735101, 0.435447547115, 0.564375080113, -3.722425531915, -31.510489361702, 21.923136170213
D79_j2_D14-D14_j5_D79, -12.596041991342, 44.704584199134, 12.295608658009, D79_j2_D14, -20.380776190476, -44.380252380952, 17.169909523810, 20.380776190476, 44.380252380952, -17.169909523810, -0.648489246754, -0.192914386543, -0.736373367463, -0.357959715251, -0.776444798560, 0.518650476763, -0.671808409520, 0.599931257940, 0.434460523690, 23.595504761905, -0.293438095238, 18.533347619048, D14_j5_D79, -32.976818181818, 0.324331818182, 29.465518181818, 32.976818181818, -0.324331818182, -29.465518181818, 0.814028764124, -0.165358884002, 0.556788658882, 0.267916135400, 0.957443223004, -0.107347189609, -0.515342716617, 0.236556365812, 0.823688636697, -18.125145454545, -37.258195454545, 22.006972727273
D8-D8, 9.310211111111, 10.106266666667, 11.656488888889, D8, 18.707711111111, 20.182377777778, 7.145700000000, -18.707711111111, -20.182377777778, -7.145700000000, 1.000000000000, 0.000000000000, -0.000000000000, -0.000000000000, 1.000000000000, -0.000000000000, 0.000000000000, 0.000000000000, 1.000000000000, 18.707711111111, 20.182377777778, 7.145700000000, D8, 28.017922222222, 30.288644444444, 18.802188888889, -28.017922222222, -30.288644444444, -18.802188888889, 0.754586190060, 0.561932782978, -0.338867568802, -0.404572858876, 0.804978348896, 0.433970805088, 0.516643478263, -0.190371755318, 0.834768297880, 18.707711111111, 20.182377777778, 7.145700000000
D81-D81, -0.149307017544, -18.111000000000, -1.497701754386, D81, 1.263035087719, 16.051289473684, 1.472026315789, -1.263035087719, -16.051289473684, -1.472026315789, 1.000000000000, -0.000000000000, 0.000000000000, 0.000000000000, 1.000000000000, 0.000000000000, -0.000000000000, -0.000000000000, 1.000000000000, 1.263035087719, 16.051289473684, 1.472026315789, D81, 1.113728070175, -2.059710526316, -0.025675438596, -1.113728070175, 2.059710526316, 0.025675438596, -0.333551708343, 0.920772689657, -0.202289178760, -0.821694673823, -0.389141027177, -0.416397795356, -0.462126736807, 0.027329744768, 0.886392669295, 1.263035087719, 16.051289473684, 1.472026315789
